name,link
Introduction to Computers & Programming,https://www.educative.io/courses/introduction-to-computers-and-programming
Information Representation in Computer Systems,https://www.educative.io/courses/information-representation-computer-systems
Number Systems For Computer Scientists,https://www.educative.io/courses/number-systems-for-computer-scientists
Computer Programming for Absolute Beginners,https://www.educative.io/courses/computer-programming-for-absolute-beginners
Regular Expressions for Programmers,https://www.educative.io/courses/regular-expressions-programmers
Theory of Computation,https://www.educative.io/courses/theory-of-computation
Introduction to Logic: Basics of Mathematical Reasoning,https://www.educative.io/courses/introduction-to-logic-basics-of-mathematical-reasoning
An Introduction to Basic Set Theory,https://www.educative.io/courses/an-introduction-to-basic-set-theory
A Visual Introduction to Algorithms,https://www.educative.io/courses/visual-introduction-to-algorithms
Dynamic Programming in Python: Optimizing Programs for Efficiency,https://www.educative.io/courses/dynamic-programming-in-python
Mazes for Programmers,https://www.educative.io/courses/mazes-for-programmers
Advanced Data Structures: Implementing Tries in C++ and Java,https://www.educative.io/courses/advanced-data-structures-implementing-tries-in-cpp-and-java
Mastering Optimization with Python,https://www.educative.io/courses/mastering-optimization-with-python
Bioinformatics Algorithms,https://www.educative.io/courses/bioinformatics-algorithms
Mastering Graph Algorithms,https://www.educative.io/courses/mastering-graph-algorithms
Programming Discrete Math Concepts for Beginners,https://www.educative.io/courses/programming-discrete-math-concepts-for-beginners
Big-O Notation For Coding Interviews and Beyond,https://www.educative.io/courses/big-o-notation-for-interviews-and-beyond
Binary Search for Coding Interviews,https://www.educative.io/courses/binary-search-coding-interview
Algorithmic Problem Solving: Preparing for a Coding Interview,https://www.educative.io/courses/algorithmic-problem-solving-preparing-for-a-coding-interview
The Coding Career Handbook,https://www.educative.io/courses/coding-career-handbook
Coderust: Hacking the Coding Interview,https://www.educative.io/courses/coderust-hacking-the-coding-interview
Grokking Bit Manipulation for Coding Interviews,https://www.educative.io/courses/bit-manipulation
Grokking Dynamic Programming Patterns for Coding Interviews (under revamp),https://www.educative.io/courses/grokking-dynamic-programming-patterns-for-coding-interviews
The Fundamentals of Quantum Computing,https://www.educative.io/courses/fundamentals-quantum-computing
Hands-On Quantum Machine Learning with Python,https://www.educative.io/courses/hands-on-quantum-machine-learning-python
Quantum Computing,https://www.educative.io/courses/quantum-computing
Learn to Code: Python for Absolute Beginners,https://www.educative.io/courses/learn-to-code-python-for-absolute-beginners 
Learn Python 3 from Scratch (Free),https://www.educative.io/courses/learn-python-3-from-scratch
Python 3: From Beginner to Advanced,https://www.educative.io/courses/python-3-beginner-advanced
An Intro to Python 3,https://www.educative.io/courses/intro-python-3
Full Speed Python,https://www.educative.io/courses/full-speed-python
Building Blocks of Coding: Learning Python,https://www.educative.io/courses/building-blocks-of-coding-learning-python
Python 3: An interactive deep dive,https://www.educative.io/courses/python-3-an-interactive-deep-dive
Learning Python through PowerShell Concepts,https://www.educative.io/courses/python-powershell-concepts
Python 101: Interactively learn how to program with Python 3,https://www.educative.io/courses/python-101-interactively-learn-how-to-program-with-python-3
Python 201 - Interactively Learn Advanced Concepts in Python 3,https://www.educative.io/courses/python-201-interactively-learn-advanced-concepts-in-python-3
Build a Bar Chart Race with Python,https://www.educative.io/courses/building-a-bar-chart-race-with-python
Python Slam Dunk: Coding Skills through Basketball,https://www.educative.io/courses/python-slam-dunk-coding-skills-through-basketball
Mini Course: Build Rock Paper Scissors with Python,https://www.educative.io/courses/build-rock-paper-scissors-with-python
Python Brain Teasers,https://www.educative.io/courses/python-brain-teasers
Data Structures and Algorithms in Python,https://www.educative.io/courses/ds-and-algorithms-in-python
Learn Object-Oriented Programming in Python,https://www.educative.io/courses/learn-object-oriented-programming-in-python
Python Quickstart for Experienced Programmers,https://www.educative.io/courses/python-quickstart-for-experienced-programmers
Mastering the Art of Programming in Python 3,https://www.educative.io/courses/mastering-the-art-of-programming-in-python-3
Clean Architecture in Python,https://www.educative.io/courses/clean-architecture-python
Learn Functional Programming in Python,https://www.educative.io/courses/learn-functional-programming-in-python
Mastering Algorithms for Problem Solving in Python,https://www.educative.io/courses/mastering-algorithms-for-problem-solving-in-python
Data Structures with Generic Types in Python,https://www.educative.io/courses/data-structures-with-generic-types-in-python
Programming in Python,https://www.educative.io/courses/programming-in-python
Clean Code in Python,https://www.educative.io/courses/clean-code-in-python
Introduction to Python for MATLAB Users,https://www.educative.io/courses/introduction-to-python-for-matlab-users
Learn Python 3 From Scratch,https://www.educative.io/courses/learn-python-3-from-scratch
Building Robust Object-Oriented Python Applications and Libraries,https://www.educative.io/courses/building-robust-object-oriented-python-apps-and-libraries
Solving the Traveling Salesperson Problem in Python,https://www.educative.io/courses/solving-the-traveling-salesperson-problem-in-python
Introduction to Complex Network Analysis with Python,https://www.educative.io/courses/introduction-to-complex-network-analysis-with-python
Python for Mechanical and Aerospace Engineering,https://www.educative.io/courses/python-mech-aero-engineering
Python for Scientists and Engineers,https://www.educative.io/courses/python-for-scientists-and-engineers
The Practical Guide to Python for Scientists and Engineers ,https://www.educative.io/courses/practical-guide-python-scientists-engineers
Python FTW: Under the Hood,https://www.educative.io/courses/python-ftw-under-the-hood
The Hacker's Guide to Scaling Python,https://www.educative.io/courses/hackers-guide-scaling-python
Pythonic Programming Tips for Software Engineers,https://www.educative.io/courses/pythonic-programming-tips-software-engineers
From Python to Numpy,https://www.educative.io/courses/from-python-to-numpy
Matplotlib for Python: Visually Represent Data with Plots,https://www.educative.io/courses/matplotlib-for-python-visually-represent-data-with-plots
Data Analysis & Processing with Pandas,https://www.educative.io/courses/data-analysis-processing-with-pandas
Mastering Data Analysis with Python Pandas ,https://www.educative.io/courses/mastering-data-analysis-python-pandas
Advanced pandas—Going Beyond the Basics,https://www.educative.io/courses/advance-pandas-going-beyond-the-basics
Pandas Brain Teasers ,https://www.educative.io/courses/pandas-brain-teasers
Master Linear Programming in Python with PuLP ,https://www.educative.io/courses/master-linear-programming-python-pulp
Computer Graphics in Python and Pycairo,https://www.educative.io/courses/computer-graphics-python-pycairo
Python Regular Expressions with Data Scraping Projects,https://www.educative.io/courses/python-regular-expressions-with-data-scraping-projects
Mastering Web Scraping Using Python: From Beginner to Advanced,https://www.educative.io/courses/mastering-web-scraping-using-python-from-beginner-to-advanced
Build Your Own Chatbot in Python (Free),https://www.educative.io/courses/build-your-own-chatbot-in-python
PDF Management in Python,https://www.educative.io/courses/pdf-management-python
Create Desktop Apps Using Python & Tkinter,https://www.educative.io/courses/desktop-apps-python-tkinter
Using Python for Reading and Writing Optical Labels,https://www.educative.io/courses/using-python-for-reading-and-writing-optical-labels
Text Preprocessing with Python,https://www.educative.io/courses/text-preprocessing-with-python
Decode the Coding Interview in Python: Real-World Examples,https://www.educative.io/courses/decode-coding-interview-python
Data Structures for Coding Interviews in Python,https://www.educative.io/courses/data-structures-coding-interviews-python
Algorithms for Coding Interviews in Python,https://www.educative.io/courses/algorithms-coding-interviews-python
Recursion for Coding Interviews in Python,https://www.educative.io/courses/recursion-for-coding-interviews-in-python
Grokking Coding Interview Patterns in Python,https://www.educative.io/courses/grokking-coding-interview-patterns-python
Python Concurrency for Senior Engineering Interviews,https://www.educative.io/courses/python-concurrency-for-senior-engineering-interviews
Grokking Dynamic Programming: A Deep Dive using Python,https://www.educative.io/courses/grokking-dynamic-programming-a-deep-dive-using-python 
Learn to Code: C++ for Absolute Beginners,https://www.educative.io/courses/learn-to-code-cpp-for-absolute-beginners 
Learn C++ from Scratch (Free),https://www.educative.io/courses/learn-cpp-from-scratch
C++ Fundamentals for Professionals,https://www.educative.io/courses/cpp-fundamentals-for-professionals
Learn C++: The Complete Course for Beginners,https://www.educative.io/courses/learn-cpp-complete-course
Mini Course: Build Rock Paper Scissors with C++,https://www.educative.io/courses/build-rock-paper-scissors-with-cpp
Tic-Tac-Toe with C++,https://www.educative.io/courses/tic-tac-toe-with-cpp
C++ Brain Teasers: Exercise Your Mind,https://www.educative.io/courses/cpp-brain-teasers
Learn Object-Oriented Programming in C++,https://www.educative.io/courses/learn-object-oriented-programming-in-cpp
Data Structures Preliminaries (Refresher of Fundamentals in C++),https://www.educative.io/courses/data-structures-preliminaries-refresher-of-fundamentals-in-cpp
Learn Graph Algorithms in C++,https://www.educative.io/courses/graph-algorithms-coding-interviews-c-plus-plus
C++ Programming for Experienced Engineers,https://www.educative.io/courses/cpp-programming-experienced-devs
Beginner to Advanced Computing and Logic Building,https://www.educative.io/courses/beginner-to-advanced-computing-and-logic-building
Mastering Algorithms for Problem Solving in C++,https://www.educative.io/courses/mastering-algorithms-for-problem-solving-in-cpp
Implementing an Advanced Huge Integer Class,https://www.educative.io/courses/implementing-an-advanced-huge-integer-class
Initializing Data Members: From C++11 till C++20,https://www.educative.io/courses/initialize-data-members-cpp
C++ Standard Library including C++ 14 & C++ 17,https://www.educative.io/courses/cpp-standard-library-including-cpp-14-and-cpp-17
C++17 in Detail: A Deep Dive,https://www.educative.io/courses/cpp-17-in-detail-a-deep-dive
The All-in-One Guide to C++20,https://www.educative.io/courses/all-in-one-guide-cpp-20
C++ Concepts: Improve Type Safety with C++ 20,https://www.educative.io/courses/cplusplus-concepts-improve-type-safety-cplusplus20
Secure Coding Practices in C++: A Deep Dive into const,https://www.educative.io/courses/secure-coding-practices-cpp-const
Modern C++ Concurrency: Get the most out of any machine,https://www.educative.io/courses/modern-cpp-concurrency-in-practice-get-the-most-out-of-any-machine
Embedded Programming with Modern C++,https://www.educative.io/courses/embedded-programming-with-cpp
Generic Programming Templates in C++,https://www.educative.io/courses/generic-templates-in-cpp
C++ High Performance,https://www.educative.io/courses/c-plus-plus-high-performance
C++ 20 STL Cookbook,https://www.educative.io/courses/c-plus-plus-20-stl-cookbook
Data Structures with Generic Types in C++,https://www.educative.io/courses/data-structures-with-generic-types-in-cpp
Modern CMake for C++,https://www.educative.io/courses/modern-cmake-for-cpp
C++ Template Metaprogramming,https://www.educative.io/courses/cpp-template-metaprogramming
Decode the Coding Interview in C++: Real-World Examples,https://www.educative.io/courses/decode-coding-interview-cpp
Data Structures for Coding Interviews in C++,https://www.educative.io/courses/data-structures-coding-interviews-cpp
Algorithms for Coding Interviews in C++,https://www.educative.io/courses/algorithms-coding-interviews-cpp
Grokking Coding Interview Patterns in C++,https://www.educative.io/courses/grokking-coding-interview-patterns-cpp
Recursion for Coding Interviews in C++,https://www.educative.io/courses/recursion-for-coding-interviews-in-cpp
Grokking Dynamic Programming: A Deep Dive using C++,https://www.educative.io/courses/grokking-dynamic-programming-a-deep-dive-using-cpp 
Competitive Programming in C++: The Keys to Success,https://www.educative.io/courses/competitive-programming-in-cpp-keys-to-success
"Competitive Programming - Crack Your Coding Interview, C++",https://www.educative.io/courses/competitive-programming-intvw
Learn to Code: C# for Absolute Beginners,https://www.educative.io/courses/learn-to-code-c-sharp-for-absolute-beginners 
C# for Programmers: A Practical Guide,https://www.educative.io/courses/c-sharp-for-programmers-a-practical-guide
Programming Fundamentals: Getting Started with C# and .NET,https://www.educative.io/courses/programming-fundamentals-csharp-dotnet
Mastering C# and .NET,https://www.educative.io/courses/mastering-c-sharp-and-dotnet
Learn Object-Oriented Programming in C#,https://www.educative.io/courses/learn-object-oriented-programming-in-c-sharp
Working with Regular Expressions in C#,https://www.educative.io/courses/regular-expressions-c-sharp
Fixing Random: Techniques in C#,https://www.educative.io/courses/fixing-random-techniques-in-c-sharp
Mastering NullReferenceException Prevention in C#,https://www.educative.io/courses/mastering-nullreference-exception-prevention-in-c-sharp
Mastering Cosmos DB through Basic and Advanced Concepts with C#,https://www.educative.io/courses/cosmos-db-through-basic-and-advanced-concepts-with-c-sharp
Decode the Coding Interview in C#: Real-World Examples,https://www.educative.io/courses/decode-the-coding-interview-csharp
Data Structures for Coding Interviews in C#,https://www.educative.io/courses/data-structures-interviews-cs
C# Concurrency for Senior Engineering Interviews,https://www.educative.io/courses/c-sharp-concurrency-for-senior-engineering-interviews
Grokking Coding Interview Patterns in C#,https://www.educative.io/courses/grokking-coding-interview-patterns-in-csharp
Algorithms for Coding Interviews in C#,https://www.educative.io/courses/algorithms-for-coding-interviews-in-csharp
Learn C from Scratch (Free),https://www.educative.io/courses/learn-c-from-scratch
Advanced Programming Techniques in C,https://www.educative.io/courses/advanced-programming-techniques-in-c
C Programming for Experienced Engineers,https://www.educative.io/courses/c-programming-experienced-devs
An In-Depth Understanding of Memory and Pointers in C,https://www.educative.io/courses/in-depth-understanding-of-memory-and-pointers-in-c
C Brain Teasers: Exercise Your Mind,https://www.educative.io/courses/c-brain-teasers
Programming in D: The Ultimate Guide for Software Engineers,https://www.educative.io/courses/programming-in-d-ultimate-guide
Advanced Programming Techniques in D,https://www.educative.io/courses/advanced-programming-techniques-in-d
Learn to Code: Java for Absolute Beginners,https://www.educative.io/courses/learn-to-code-java-for-absolute-beginners 
Learn Java from Scratch (Free),https://www.educative.io/courses/learn-java-from-scratch
A Complete Guide to Java Programming,https://www.educative.io/courses/complete-guide-to-java-programming
The Complete Java Crash Course,https://www.educative.io/courses/the-complete-java-crash-course
Java Masterclass for Software Developers,https://www.educative.io/courses/java-masterclass-developers
Learning Java for Python Programmers,https://www.educative.io/courses/learning-java-for-python-programmers
The All-in-One Guide to Java Programming,https://www.educative.io/courses/guide-to-java-programming
The High School Guide to Mastering Java and AP Computer Science A,https://www.educative.io/courses/ace-ap-computer-science-a
Learn Object-Oriented Programming in Java,https://www.educative.io/courses/learn-object-oriented-programming-in-java
Collections in Java,https://www.educative.io/courses/collections-in-java
Java Exception Handling Made Simple,https://www.educative.io/courses/java-exception-handling-made-simple
Mastering Algorithms for Problem Solving in Java,https://www.educative.io/courses/mastering-algorithms-for-problem-solving-in-java
Test-Driven Development in Java,https://www.educative.io/courses/test-driven-development-in-java
Learn Java from Scratch,https://www.educative.io/courses/learn-java-from-scratch
Mastering Regular Expressions in Java,https://www.educative.io/courses/master-regular-expression
"Java 8 for Experienced Developers: Lambdas, Stream API & Beyond",https://www.educative.io/courses/java-8-lambdas-stream-api-beyond
Data Structures with Generic Types in Java,https://www.educative.io/courses/data-structures-with-generic-types-in-java
Becoming a Functional Programmer with Clojure,https://www.educative.io/courses/becoming-a-functional-programmer-with-clojure
Hour of Code: Build Your Robot World in Java (Free),https://www.educative.io/courses/hour-of-code-build-your-robot-world-in-java
Build Java Projects with Maven,https://www.educative.io/courses/build-java-projects-with-maven
Designing Games in Java with Graphics & Event-Driven Programming,https://www.educative.io/courses/java-games-diy
Decode the Coding Interview in Java: Real-World Examples,https://www.educative.io/courses/decode-coding-interview-java
Data Structures for Coding Interviews in Java,https://www.educative.io/courses/data-structures-coding-interviews-java
Algorithms for Coding Interviews in Java,https://www.educative.io/courses/algorithms-coding-interviews-java
Recursion for Coding Interviews in Java,https://www.educative.io/courses/recursion-for-coding-interviews-in-java
Grokking Coding Interview Patterns in Java,https://www.educative.io/courses/grokking-coding-interview-patterns-java
The Java Interview Handbook: 300+ Interview Questions,https://www.educative.io/courses/java-interview-handbook
Java Multithreading for Senior Engineering Interviews,https://www.educative.io/courses/java-multithreading-for-senior-engineering-interviews
Grokking Dynamic Programming: A Deep Dive using Java,https://www.educative.io/courses/grokking-dynamic-programming-a-deep-dive-using-java 
Learn TypeScript: The Complete Course for Beginners,https://www.educative.io/courses/learn-typescript-complete-course
Unleashing the Power of TypeScript,https://www.educative.io/courses/unleashing-the-power-of-typescript
Advanced TypeScript Masterclass,https://www.educative.io/courses/advanced-typescript-masterclass
Using TypeScript with React,https://www.educative.io/courses/using-typescript-with-react
Using fp-ts for Functional Programming in TypeScript,https://www.educative.io/courses/using-fp-ts-for-functional-programming-in-typescript
Getting Started with TypeScript ORM Libraries for Node.js,https://www.educative.io/courses/getting-started-with-typescript-orm-libraries-for-node-js
Using TypeScript for Building Polymorphic React Components,https://www.educative.io/courses/using-typescript-for-building-polymorphic-react-components
Mastering TypeScript,https://www.educative.io/courses/mastering-typescript
Learn to Code: JavaScript for Absolute Beginners,https://www.educative.io/courses/learn-to-code-javascript-for-absolute-beginners 
Introduction to JavaScript: First Steps (Free),https://www.educative.io/courses/introduction-to-javascript-first-steps
JavaScript in Practice: Getting Started,https://www.educative.io/courses/javascript-in-practice-getting-started
JavaScript Brain Teasers: Exercise Your Mind,https://www.educative.io/courses/javascript-brain-teasers
Complete JavaScript Course: Build a Real World App from Scratch,https://www.educative.io/courses/the-complete-javascript-course-build-a-real-world-app-from-scratch
JavaScript in Detail: From Beginner to Advanced,https://www.educative.io/courses/javascript-in-detail-from-beginner-to-advanced
JavaScript for Python Programmers,https://www.educative.io/courses/javascript-for-python-programmers
JavaScript Fundamentals Before Learning React,https://www.educative.io/courses/javascript-fundamentals-before-learning-react
Simplifying JavaScript: A Handy Guide for Software Engineers,https://www.educative.io/courses/simplifying-javascript-handy-guide
Step Up Your JS: A Comprehensive Guide to Intermediate JavaScript,https://www.educative.io/courses/step-up-your-js-a-comprehensive-guide-to-intermediate-javascript
The Complete Guide to Modern JavaScript,https://www.educative.io/courses/complete-guide-to-modern-javascript
JavaScript Regular Expressions in Detail,https://www.educative.io/courses/javascript-regular-expressions-in-detail
Learn Object-Oriented Programming in JavaScript,https://www.educative.io/courses/learn-object-oriented-programming-in-javascript
JavaScript Promises,https://www.educative.io/courses/javascript-promises
Learn Coding Basics in JavaScript,https://www.educative.io/courses/learn-coding-basics-in-javascript
Data Structures in JavaScript: Visualizations & Exercises,https://www.educative.io/courses/data-structures-in-javascript-with-visualizations-and-hands-on-exercises
Mastering Data Structures and Sorting Algorithms in JavaScript,https://www.educative.io/courses/mastering-data-structures-and-sorting-algorithms-in-javascript
JavaScript In Practice: ES6 And Beyond,https://www.educative.io/courses/javascript-in-practice-es6-and-beyond
Let's learn ES6! Master new JavaScript features faster and easier,https://www.educative.io/courses/lets-learn-es6-master-new-javascript-features-faster-and-easier
"Rediscovering JavaScript: ES6, ES7 & ES8",https://www.educative.io/courses/rediscovering-javascript
Discover: JavaScript Frameworks Behind the Scenes,https://www.educative.io/courses/discover-javascript-frameworks-behind-scenes
Functional Programming Patterns With RamdaJS! (Free),https://www.educative.io/courses/functional-programming-patterns-with-ramdajs
Game Development with JavaScript: Creating Tetris,https://www.educative.io/courses/game-development-js-tetris
Building Web-Based Games and Utility Projects Using JavaScript,https://www.educative.io/courses/building-web-based-games-and-utility-projects-using-javascript
Decode the Coding Interview in JavaScript: Real-World Examples,https://www.educative.io/courses/decode-coding-interview-js
Data Structures for Coding Interviews in JavaScript,https://www.educative.io/courses/data-structures-coding-interviews-javascript
Recursion for Coding Interviews in JavaScript,https://www.educative.io/courses/recursion-for-coding-interviews-in-javascript
Grokking Coding Interview Patterns in JavaScript,https://www.educative.io/courses/grokking-coding-interview-patterns-javascript
Master the JavaScript Interview,https://www.educative.io/courses/master-the-javascript-interview
The JavaScript Interview Handbook: 100+ Interview Questions,https://www.educative.io/courses/javascript-interview-handbook
Grokking Dynamic Programming: A Deep Dive using JavaScript,https://www.educative.io/courses/grokking-dynamic-programming-a-deep-dive-using-javascript 
JS Assessment: Assess your Javascript skills (Free),https://www.educative.io/courses/assess-your-javascript-skills
Learn PHP from Scratch (Free),https://www.educative.io/courses/learn-php-from-scratch
Object-Oriented Programming in PHP,https://www.educative.io/courses/object-oriented-programming-in-php
Learn Functional Programming in PHP,https://www.educative.io/courses/learn-functional-programming-in-php 
Using Laravel for Advanced String Manipulation in PHP,https://www.educative.io/courses/using-laravel-for-advanced-string-manipulation-in-php
"PHP 8 Programming Tips, Tricks and Best Practices",https://www.educative.io/courses/php-8-programming-tips-tricks-and-best-practices
Learn Dart: First Step to Flutter (Free),https://www.educative.io/courses/learn-dart-first-step-to-flutter
Developing Web Applications with Dart,https://www.educative.io/courses/developing-web-applications-with-dart
Managing State in Flutter Using BLoC Pattern,https://www.educative.io/courses/managing-state-in-flutter-using-bloc-pattern
Learn to Code: Ruby for Absolute Beginners,https://www.educative.io/courses/learn-to-code-ruby-for-absolute-beginners
Learn Ruby from Scratch (Free),https://www.educative.io/courses/learn-ruby-from-scratch
Learning to Program in Ruby: By Example,https://www.educative.io/courses/learning-to-program-in-ruby
Introduction to Ruby on Rails,https://www.educative.io/courses/introduction-to-ruby-on-rails
The Handbook for Ruby Developers,https://www.educative.io/courses/handbook-ruby-developers
Discover Ruby Programming Through Fun Examples,https://www.educative.io/courses/discover-ruby-programming-through-fun-examples
Decode the Coding Interview in Ruby: Real-World Examples,https://www.educative.io/courses/decode-the-coding-interview-ruby
Ruby Concurrency for Senior Engineering Interviews,https://www.educative.io/courses/ruby-concurrency-for-senior-engineering-interviews
Learn Rust from Scratch (Free),https://www.educative.io/courses/learn-rust-from-scratch
The Ultimate Guide to Rust Programming,https://www.educative.io/courses/ultimate-guide-to-rust-programming
Scalable Web Development in Rust,https://www.educative.io/courses/scalable-web-development-rust
Hands-On Game Development with Rust,https://www.educative.io/courses/hands-on-game-development-rust
Rust Brain Teasers,https://www.educative.io/courses/rust-brain-teasers
Decode the Coding Interview in Rust: Real-World Examples,https://www.educative.io/courses/decode-the-coding-interview-rust 
An Introduction to Programming in Go,https://www.educative.io/courses/introduction-to-programming-in-go
The Way to Go,https://www.educative.io/courses/the-way-to-go
Web Development with Golang and Beego,https://www.educative.io/courses/web-development-with-golang-and-beego
Data Structures & Algorithms In Go,https://www.educative.io/courses/data-structures-and-algorithms-go
Write Professional Command-line Programs in Go,https://www.educative.io/courses/prof-command-line-programs-go
Concurrency in Go,https://www.educative.io/courses/concurrency-in-go 
Mastering Concurrency in Go,https://www.educative.io/courses/mastering-concurrency-in-go
Go Brain Teasers                                     ,https://www.educative.io/courses/go-brain-teasers
Exploring and Mastering the Full Go Featureset,https://www.educative.io/courses/exploring-mastering-go-featureset
Learning Test-Driven Development with Go,https://www.educative.io/courses/learning-test-driven-development-with-go
Event-Driven Architecture in Golang,https://www.educative.io/courses/event-driven-architecture-in-golang
Go for DevOps,https://www.educative.io/courses/go-for-devops
Powerful Command-Line Applications in Go,https://www.educative.io/courses/powerful-command-line-applications-in-go
Advanced Techniques in Go Programming,https://www.educative.io/courses/advanced-techniques-in-go-programming
Building Scalable Backend Services in Go,https://www.educative.io/courses/building-scalable-backend-services-in-go
Decode the Coding Interview in Go: Real-World Examples,https://www.educative.io/courses/decode-the-coding-interview-go
Grokking Coding Interview Patterns in Go,https://www.educative.io/courses/grokking-coding-interview-patterns-go
Kotlin Crash Course for Programmers,https://www.educative.io/courses/kotlin-crash-course-for-programmers
The Ultimate Guide to Kotlin Programming,https://www.educative.io/courses/ultimate-guide-programming-in-kotlin
Kotlin Compact,https://www.educative.io/courses/kotlin-compact 
Mastering Kotlin Coroutines,https://www.educative.io/courses/mastering-kotlin-coroutines
Mastering Kotlin Essentials,https://www.educative.io/courses/mastering-kotlin-essentials
Decode the Coding Interview in Kotlin: Real-World Examples,https://www.educative.io/courses/decode-the-coding-interview-kotlin
Swift Programming for Mobile App Development,https://www.educative.io/courses/swift-programming-mobile-app
Decode the Coding Interview in Swift: Real-World Examples,https://www.educative.io/courses/decode-the-coding-interview-swift
Learn R from Scratch (Free),https://www.educative.io/courses/learn-r-from-scratch
Launching a Personal Website Using R ,https://www.educative.io/courses/launching-personal-website-r
Computing Matrix Algebra with R and Rcpp,https://www.educative.io/courses/computing-matrix-algebra-with-r-and-rcpp
Bash for Programmers,https://www.educative.io/courses/bash-for-programmers
The Complete Guide to Bash Programming,https://www.educative.io/courses/guide-to-bash-programming
Master the Bash Shell,https://www.educative.io/courses/master-the-bash-shell
Harnessing the Power of the Command-Line Interface,https://www.educative.io/courses/harnessing-power-command-line-interface
Learn Data Science with Bash Shell ,https://www.educative.io/courses/learn-data-science-with-bash-shell
Introduction to YAML,https://www.educative.io/courses/introduction-to-yaml
Learn Scala from Scratch (Free),https://www.educative.io/courses/learn-scala-from-scratch
Decode the Coding Interview in Scala: Real-World Examples,https://www.educative.io/courses/decode-the-coding-interview-scala
Mastering the Art of Programming in Elixir,https://www.educative.io/courses/mastering-programming-elixir
Learn Functional Programming with Elixir,https://www.educative.io/courses/functional-programming-elixir
Concurrent Data Processing in Elixir,https://www.educative.io/courses/concurrent-data-processing-elixir
Genetic Algorithms in Elixir,https://www.educative.io/courses/genetic-algorithms-elixir
Metaprogramming in Elixir,https://www.educative.io/courses/metaprogramming-elixir
Adopting Elixir for Software Engineering Leads & Managers,https://www.educative.io/courses/adopting-elixir-for-leads-and-managers
Building Real-time Applications with Phoenix & Elixir,https://www.educative.io/courses/building-real-time-applications-phoenix-elixir
Building Database Applications in Elixir with Ecto,https://www.educative.io/courses/building-database-applications-in-elixir-with-ecto
Designing Elixir Systems with OTP,https://www.educative.io/courses/designing-elixir-systems-with-otp
Exploring Graphs with Elixir,https://www.educative.io/courses/exploring-graphs-with-elixir
Decode the Coding Interview in Elixir: Real-World Examples,https://www.educative.io/courses/decode-the-coding-interview-elixir
Introduction to the Solidity Programming Language,https://www.educative.io/courses/introduction-to-the-solidity-programming-language
Learn Perl from Scratch (Free),https://www.educative.io/courses/learn-perl-from-scratch
Mastering Modern Perl: Writing Efficient and Maintainable Code,https://www.educative.io/courses/mastering-modern-perl-writing-efficient-and-maintainable-code
Learn Functional Programming in Haskell,https://www.educative.io/courses/functional-programming-haskell
Mastering Functional Programming with OCaml and Haskell,https://www.educative.io/courses/mastering-functional-programming-ocaml-haskell
Functional Programming with ReasonML,https://www.educative.io/courses/functional-programming-with-reasonml
Building a Back-End Application with NestJS,https://www.educative.io/courses/building-a-backend-application-with-nestjs
Mastering Debugging: Techniques for Efficient Code Diagnosis,https://www.educative.io/courses/mastering-debugging-techniques-for-eficient-code-diagnosis
"Web Development: Unraveling HTML, CSS, and JavaScript",https://www.educative.io/courses/web-development-unraveling-html-css-js
Building Front-End Web Applications with Plain JavaScript,https://www.educative.io/courses/building-front-end-web-applications-plain-javascript
Intermediate JavaScript: Building Frontend Components,https://www.educative.io/courses/intermediate-javascript
The Complete Guide to jQuery,https://www.educative.io/courses/complete-guide-to-jquery
Mastering AlpineJS in a Day or Less,https://www.educative.io/courses/mastering-alpinejs
Rails for Front-end Development: Essential Tools,https://www.educative.io/courses/rails-for-front-end-development-essential-tools
Modern Front-end Development for Rails,https://www.educative.io/courses/modern-front-end-rails
Building the Frontend of Python Web Applications with Streamlit,https://www.educative.io/courses/building-frontend-of-python-web-applications-with-streamlit
Using the Python Transcrypt Transpiler for Front-end Coding,https://www.educative.io/courses/using-python-transcrypt-transpiler-front-end-coding
Using Python and Transcrypt to Build a Complete Web Application,https://www.educative.io/courses/using-python-transcrypt-build-web-application
A Guide to PyQt6 for Beginners,https://www.educative.io/courses/a-guide-to-pyqt6-for-beginners
Building Reactive Apps with Svelte and Tailwind,https://www.educative.io/courses/building-reactive-apps-with-svelte-and-tailwind
"Learn HTML, CSS, and JavaScript from Scratch (Free)",https://www.educative.io/courses/learn-html-css-javascript-from-scratch
HTML5 Canvas: From Noob to Ninja - an interactive deep dive,https://www.educative.io/courses/html5-canvas-from-noob-to-ninja-an-interactive-deep-dive
Bootstrap 4 Layouts in Depth,https://www.educative.io/courses/bootstrap-4-layouts-in-depth
"Build Amazing Layouts with HTML5, CSS3, and Bootstrap 4",https://www.educative.io/courses/build-amazing-layouts-with-html5-css3-and-bootstrap4
Modern Web Design Using Bootstrap 5 with Hands-On Projects,https://www.educative.io/courses/modern-web-design-using-bootstrap5-with-hands-on-projects
Understanding Flexbox: Everything you need to know (Free),https://www.educative.io/courses/understanding-flexbox-everything-you-need-to-know
The Complete Beginner’s Guide to CSS,https://www.educative.io/courses/complete-beginner-guide-css
The Complete Advanced Guide to CSS,https://www.educative.io/courses/the-complete-advanced-guide-to-css
CSS Theming for Professionals,https://www.educative.io/courses/css-theming-for-professionals
Mastering the Latest Features in CSS,https://www.educative.io/courses/mastering-the-latest-features-in-css
Designing Web Layouts with CSS and Flexbox,https://www.educative.io/courses/web-layouts-css-and-flexbox
Modern CSS with Tailwind,https://www.educative.io/courses/modern-css-tailwind
Modern CSS Layout: Decking Zombies with Style,https://www.educative.io/courses/modern-css-layout-zombies
Sass for CSS: Advanced Frontend Development,https://www.educative.io/courses/sass-for-css
Understanding the Basics of Tailwind CSS,https://www.educative.io/courses/understanding-the-basics-of-tailwind-css
React Deep Dive: From Beginner to Advanced,https://www.educative.io/courses/react-beginner-to-advanced
The Road to React: The One with Class Components,https://www.educative.io/courses/road-to-react-with-class-components
Reintroducing React: V16 and Beyond,https://www.educative.io/courses/reintroducing-react-v16-beyond
How to Gatsby: The Complete Course,https://www.educative.io/courses/how-to-gatsby-the-complete-course
Getting Started with React Router v6,https://www.educative.io/courses/getting-started-with-react-router-v6 
Building User Interfaces and Functions with TypeScript and React,https://www.educative.io/courses/building-user-interfaces-and-functions-with-typescript-and-react
Creating Five Impactful Applications with ReactJS,https://www.educative.io/courses/creating-five-impactful-applications-with-reactjs
Writing React Forms Like a Pro with Formik,https://www.educative.io/courses/writing-react-forms-like-a-pro-with-formik
The Road to React: The one with Hooks,https://www.educative.io/courses/road-to-react-with-hooks
A Deep Dive into React Hooks,https://www.educative.io/courses/a-deep-dive-into-react-hooks
Learn React Hooks for Frontend Development,https://www.educative.io/courses/learn-react-hooks-for-frontend-development
Advanced React Patterns With Hooks,https://www.educative.io/courses/advanced-react-patterns-with-hooks
Building Tesla’s Battery Range Calculator with React & Redux (Free),https://www.educative.io/courses/building-teslas-battery-range-calculator-with-react-and-redux
"Learn React.js, Redux & Immutable.js while building a weather app",https://www.educative.io/courses/learn-reactjs-redux-and-immutablejs-while-building-a-weather-app
React Tracked: Creating Web Apps with Global State,https://www.educative.io/courses/react-tracked-web-apps-global-state
Valtio: Lightweight Proxy-Based State Management for React,https://www.educative.io/courses/valtio-state-management-react
Simplifying State Management in React Native,https://www.educative.io/courses/simplifying-state-management-in-react-native
Next.js - The ultimate way to build React apps,https://www.educative.io/courses/next-js-build-react-apps
Building a Jamstack Application with Next.js and Strapi CMS,https://www.educative.io/courses/building-a-jamstack-application-with-nextjs-and-strapi-cms
Building Dynamic Web Applications with Next.js,https://www.educative.io/courses/building-dynamic-web-applications-with-nextjs
Angular: Designing and Architecting Web Applications,https://www.educative.io/courses/angular-designing-architecting-web-apps
A Hands-on Guide to Angular,https://www.educative.io/courses/a-hands-on-guide-to-angular
The Angular Masterclass,https://www.educative.io/courses/getting-started-with-angular
Learning Angular,https://www.educative.io/courses/learning-angular
Learn Front-End Development and Automated Testing with Angular,https://www.educative.io/courses/learn-front-end-automated-testing-angular
Directives and Pipes in Angular,https://www.educative.io/courses/directives-pipes-angular
Developing Robust Angular Applications with Auth0 and MongoDB,https://www.educative.io/courses/develop-angular-applications-auth0-mongodb
Animations in Angular,https://www.educative.io/courses/animations-in-angular
Mastering Angular Reactive Forms,https://www.educative.io/courses/mastering-angular-reactive-forms
Mastering State Management with Angular and NgRx,https://www.educative.io/courses/mastering-state-management-with-angular-and-ngrx
Developing Robust Web Applications with Ember.js ,https://www.educative.io/courses/developing-robust-emberjs-applications
Developing Robust Ember.js Applications,https://www.educative.io/collection/10370001/4603037207756800
Hands-on Vue.js: Build a fully functional SPA,https://www.educative.io/courses/hands-on-vue-js-build-fully-functional-spa
Building a Medium Clone With Vue 3,https://www.educative.io/courses/medium-clone-vue3
Vue - The Road to Enterprise,https://www.educative.io/courses/vue-the-road-to-enterprise
"Develop an E-Commerce App Using Java, Spring Boot and Vue.js  ",https://www.educative.io/courses/develop-e-commerce-java-spring-boot-vue-js
Building a WhatsApp Clone with Vue.js and AWS Amplify,https://www.educative.io/courses/building-whatsapp-clone-with-vue-js-and-aws-amplify 
Advanced VueJS: Build Better Applications Efficiently,https://www.educative.io/courses/advanced-vuejs-build-better-applications-efficiently
Jump Start with Vue 3,https://www.educative.io/courses/jump-start-with-vue-3
A Beginner’s Guide To Nuxt 3,https://www.educative.io/courses/a-beginners-guide-to-nuxt-3
Build a Modern Server-Side Rendered Vue Application with NuxtJS,https://www.educative.io/courses/build-a-modern-server-side-rendered-vue-application-with-nuxtjs
Practical Redux (Free),https://www.educative.io/courses/practical-redux
The Ultimate Guide to Redux,https://www.educative.io/courses/ultimate-guide-to-redux
Understanding Redux: A Beginner's Guide To State Management,https://www.educative.io/courses/understanding-redux-a-beginners-guide-to-state-management
Intermediate Redux with Redux Toolkit,https://www.educative.io/courses/intermediate-redux-toolkit
CSS for Front-end Interviews,https://www.educative.io/courses/css-for-front-end-interviews
HTML for Front-end Interviews,https://www.educative.io/courses/html-for-front-end-interviews
Reactive Programming with RxJava,https://www.educative.io/courses/reactive-programming-rxjava
Reactive Programming with RxJS,https://www.educative.io/courses/reactive-programming-rxjs
Building Reactive Applications with RxJS,https://www.educative.io/courses/building-reactive-applications-with-rxjs
Build Reactive Websites with RxJS: Master Observables and Wrangle,https://www.educative.io/courses/reactive-websites-rxjs
Reactive Programming with Angular and RxJS 7,https://www.educative.io/courses/reactive-programming-with-angular-and-rxjs-7
Build E-Commerce Apps with Reactive Programming in Spring Boot,https://www.educative.io/courses/build-e-commerce-apps-with-reactive-programming-in-spring-boot
Learn Node.js from Scratch,https://www.educative.io/courses/learn-node-from-scratch-javascript
Learn Node.js: The Complete Course for Beginners,https://www.educative.io/courses/learn-nodejs-complete-course-for-beginners
Automating With Node.js,https://www.educative.io/courses/automating-with-node-js
A Guide to Securing Node.js Applications,https://www.educative.io/courses/securing-nodejs-apps
Node.js Design Patterns,https://www.educative.io/courses/nodejs-design-patterns
Web Scraping with Puppeteer,https://www.educative.io/courses/web-scraping-with-puppeteer
Master the Deno JavaScript Runtime ,https://www.educative.io/courses/master-deno-javascript-runtime
Deno Web Development,https://www.educative.io/courses/deno-web-development
The Complete Guide to Spring 5 and Spring Boot 2,https://www.educative.io/courses/guide-spring-5-spring-boot-2
Full Reactive Stack: Spring Boot 2 & Spring WebFlux,https://www.educative.io/courses/full-reactive-stack-spring
Building Enterprise Applications with Spring Boot,https://www.educative.io/courses/enterprise-applications-spring-boot
Building Scalable Applications with Thymeleaf and Spring Boot,https://www.educative.io/courses/building-scalable-applications-thymeleaf-springboot
Spring Data: Bridging Multiple Databases,https://www.educative.io/courses/spring-data-bridging-multiple-databases
Web Development: A Primer,https://www.educative.io/courses/web-development-a-primer
A Complete Guide to Launching Your Website: From Local to Live,https://www.educative.io/courses/a-complete-guide-to-launching-your-website-from-local-to-live
Building Static Pages with Astro for Perfect Core Web Vitals,https://www.educative.io/courses/building-static-pages-with-astro-for-perfect-core-web-vitals
Quick Start Full Stack Web Development,https://www.educative.io/courses/quick-start-full-stack-web-development
Building Full-Stack Web Applications With Node.js and React,https://www.educative.io/courses/building-full-stack-web-applications-with-node-js-and-react
Building Full-Stack Web Applications with AdonisJs,https://www.educative.io/courses/building-full-stack-web-applications-adonisjs
Agile Web Development Using Rails 6,https://www.educative.io/courses/agile-web-development-rails
Build a Custom Membership Website with Velo by Wix (Free),https://www.educative.io/courses/build-membership-with-velo-wix
Flask: Develop Web Applications in Python,https://www.educative.io/courses/flask-develop-web-applications-in-python
"Functional Web Development with Elixir, OTP and Phoenix",https://www.educative.io/courses/functional-web-development-elixir-otp-phoenix
Building Real-Time Web Applications with Phoenix LiveView,https://www.educative.io/courses/building-web-applications-phoenix-liveview
Building Full Stack Applications with GraphQL,https://www.educative.io/courses/full-stack-applications-with-graphql
Optimize your web projects with Progressive Web Apps,https://www.educative.io/courses/zero-to-hero-with-progressive-web-apps
Building Full Stack Applications Using Meteor.js,https://www.educative.io/courses/building-full-stack-applications-using-meteor-js
Building a Full-stack Application Using the MEAN,https://www.educative.io/courses/building-a-full-stack-application-using-the-mean-stack
React and GraphQL: Build an E-commerce App with Hygraph,https://www.educative.io/courses/react-and-graphql-build-an-e-commerce-app-with-hygraph
"Beginning Node.js, Express & MongoDB Development",https://www.educative.io/courses/beginning-nodejs-express-mongodb-development
"Building a REST App with Go, Gin, and Docker",https://www.educative.io/courses/building-a-rest-app-with-go-gin-and-docker
Building Scalable Apps: Redis Implementation with Node.js,https://www.educative.io/courses/building-scalable-apps-redis-implementation-with-nodejs
Introduction to Marionette.js – The Backbone Framework,https://www.educative.io/courses/introduction-to-marionette-js-the-backbone-framework
Building Progressive Web Applications,https://www.educative.io/courses/building-progressive-web-applications
WordPress—A Complete Guide,https://www.educative.io/courses/wordpress-a-complete-guide
Creating Long-Lived Web Apps with Ruby on Rails,https://www.educative.io/courses/creating-long-lived-web-apps-with-ruby-on-rails
A Beginner’s Guide to Web Accessibility,https://www.educative.io/courses/beginners-guide-to-web-accessibility
Web Development with MVC Architecture and E-commerce in Laravel,https://www.educative.io/courses/web-development-with-mvc-architecture-and-e-commerce-in-laravel
A Guide to Search Engine Optimization,https://www.educative.io/courses/guide-to-search-engine-optimization
PHP for the Web: Learn PHP without a Framework,https://www.educative.io/courses/php-web-learn-php-without-framework
Hands-on PHP & MySQL: Build a CRUD Application,https://www.educative.io/courses/hands-on-php-mysql-crud-application
Developing Web Applications with PHP,https://www.educative.io/courses/developing-web-applications-with-php
Django: Python Web Development Unleashed,https://www.educative.io/courses/django-python-web-development
Django Takeoff: Developing Modern Applications,https://www.educative.io/courses/django-takeoff-develop-modern-apps
The Django Admin for Web Developers,https://www.educative.io/courses/django-admin-web-developers
Full Stack Django and React,https://www.educative.io/courses/full-stack-django-and-react
Build Robust Applications with Test-driven Development in Django,https://www.educative.io/courses/building-robust-applications-test-driven-development-django
Introduction to Master Pages in ASP.NET,https://www.educative.io/courses/master-pages-asp-net
ASP.NET Core MVC,https://www.educative.io/courses/asp-net-core-mvc
Developing Applications with ASP.NET Core,https://www.educative.io/courses/developing-applications-with-asp-net-core
Building Web Applications with React and ASP.NET Core,https://www.educative.io/courses/building-web-applications-with-react-and-aspnet-core
The Ultimate Guide to gRPC in ASP.NET Core,https://www.educative.io/courses/the-ultimate-guide-to-grpc-in-asp-net-core
Building Web Applications with Blazor,https://www.educative.io/courses/building-web-applications-with-blazor
Practical WebAssembly,https://www.educative.io/courses/practical-webassembly
Building Real-Life Applications with Blazor WebAssembly,https://www.educative.io/courses/building-real-life-applications-with-blazor-webassembly
Building Cross-Platform Applications with .NET MAUI,https://www.educative.io/collection/6586453712175104/5146804322828288
The Ultimate Guide for SignalR in ASP.NET Core,https://www.educative.io/courses/the-ultimate-guide-for-signalr-in-asp-net-core
Using xUnit for Test-Driven Development in .NET,https://www.educative.io/courses/using-xunit-for-test-driven-development-in-dotnet
Web Development Interview Handbook,https://www.educative.io/courses/web-development-interview-handbook
Mastering Mobile Application Development with Ionic,https://www.educative.io/courses/mastering-mobile-application-development-with-ionic
Developing Mobile Apps with Ionic and React,https://www.educative.io/courses/developing-mobile-apps-with-ionic-and-react
Developing Mobile Apps with Ionic and Angular,https://www.educative.io/courses/mobile-apps-ionic-angular
Modern Android App Development with Java,https://www.educative.io/courses/modern-android-app-development
Building Applications with React Native,https://www.educative.io/courses/building-applications-with-react-native
Getting Started with Mobile App Development with React Native,https://www.educative.io/courses/getting-started-with-mobile-app-development-with-react-native
Beginning Flutter: Android Mobile App Development,https://www.educative.io/courses/beginning-flutter-android-mobile-app-development
Master State Management in Flutter,https://www.educative.io/courses/master-state-management-flutter
Responsive and Adaptive UI in Flutter,https://www.educative.io/courses/responsive-and-adaptive-ui-in-flutter
Build and Publish Your First Mobile App Using Flutter,https://www.educative.io/courses/build-and-publish-your-first-mobile-app-using-flutter
Building Web and Mobile Applications with Flutter and Firebase,https://www.educative.io/courses/building-web-and-mobile-applications-with-flutter-and-firebase
Modern Android App Development with Kotlin,https://www.educative.io/courses/modern-android-app-development-kotlin
Mastering MVVM Architecture in Android Development using Kotlin,https://www.educative.io/courses/mastering-mvm-architecture-in-android-development-using-kotlin
Android Development Masterclass,https://www.educative.io/courses/android-development-masterclass
The Complete Guide to Flutter,https://www.educative.io/courses/complete-guide-to-flutter
Build a REST API Using Python and Deploy it to Microsoft Azure,https://www.educative.io/courses/rest-api-python-microsoft-azure
Securing REST API for Web Applications and Services ,https://www.educative.io/courses/securing-rest-api-web-applications-services
Creating a CRUD REST API with Deno & Oak,https://www.educative.io/courses/creating-crud-rest-api-with-deno-oak
Developing Fast and Secure APIs in Laravel,https://www.educative.io/courses/fast-api-laravel
Building your own API with Rails,https://www.educative.io/courses/building-api-rails
Pure Functional HTTP APIs in Scala,https://www.educative.io/courses/pure-functional-http-apis-scala
"REST APIs with Spring, JPA, and Springfox",https://www.educative.io/courses/rest-api-with-spring-jpa-and-springfox
Building a Backend Application with Go,https://www.educative.io/courses/building-a-backend-application-with-go
Design and Build Great Web APIs,https://www.educative.io/courses/design-and-build-great-web-api
API Development in Go Using MongoDB,https://www.educative.io/courses/api-development-in-go-using-mongodb
Python REST API Development: A Comprehensive Guide,https://www.educative.io/courses/python-rest-api-development-a-comprehensive-guide
API Analytics for Product Managers,https://www.educative.io/courses/api-analytics-for-product-managers
Craft GraphQL APIs in Elixir with Absinthe,https://www.educative.io/courses/craft-graphql-api-elixir-absinthe
Up and running with Node and GraphQL,https://www.educative.io/courses/up-and-running-with-node-and-graphql
Getting Started with GraphQL using Node.js,https://www.educative.io/courses/getting-started-with-graphql-using-nodejs
Building a GraphQL Endpoint with Deno,https://www.educative.io/courses/building-a-graphql-endpoint-with-deno
A Practical Guide to GraphQL: From the Client Perspective,https://www.educative.io/courses/practical-guide-to-graphql-from-the-client-perspective
Integrating Apollo Client with React Applications,https://www.educative.io/courses/integrating-apollo-client-with-react-applications
Bookkeeping with FreshBooks API in Python,https://www.educative.io/courses/bookkeeping-freshbooks-api-python
Bookkeeping with FreshBooks API in JavaScript,https://www.educative.io/courses/bookkeeping-with-freshbooks-api-in-javascript
Fetching Recipes with TheMealDB and TheCocktailDB APIs in Python,https://www.educative.io/courses/recipes-themealdb-thecocktaildb-api-python
Fetching Recipes with TheMealDB and TheCocktailDB in JavaScript,https://www.educative.io/courses/fetching-recipes-with-themealdb-and-thecocktaildb-in-javascript
Surfacing Event Data with the Ticketmaster APIs in Python,https://www.educative.io/courses/event-ticketmaster-api-python
Surfacing Event Data with the Ticketmaster APIs in JavaScript,https://www.educative.io/courses/surfacing-event-data-with-the-ticketmaster-api-in-javascript 
Exploring Space with NASA APIs in Python,https://www.educative.io/courses/space-nasa-api-python
Exploring Space with NASA APIs in JavaScript,https://www.educative.io/courses/exploring-space-with-nasa-api-in-javascript 
Getting Started with the Reddit APIs in Python,https://www.educative.io/courses/reddit-api-python
Getting Started with the Reddit API in JavaScript,https://www.educative.io/courses/getting-started-with-the-reddit-api-in-javascript
Managing Contacts and Company Risk with Clearbit API in Python,https://www.educative.io/courses/contacts-risk-clearbit-api-python
Manage Contacts and Company Risk with Clearbit API in JavaScript,https://www.educative.io/courses/manage-contacts-and-company-risk-with-clearbit-api-in-javascript 
Performing Live Event Searches With the SeatGeek API in Python,https://www.educative.io/courses/live-event-seatgeek-api-python
Performing Event Searches with the SeatGeek API in JavaScript,https://www.educative.io/courses/performing-event-searches-with-the-seatgeek-api-in-javascript
Seamless Shipping with the Shippo API in Python,https://www.educative.io/courses/shipping-shippo-api-python
Seamless Shipping with the Shippo API in JavaScript,https://www.educative.io/courses/seamless-shipping-with-the-shippo-api-in-javascript
Integrate the GIPHY API in JavaScript,https://www.educative.io/courses/integrate-giphy-api-javascript
A Beginner's Guide to the Google Maps API,https://www.educative.io/courses/google-maps-api-beginners
Getting Started with Algolia API,https://www.educative.io/courses/start-algolia-api
Get Started with the REST Countries API in JavaScript,https://www.educative.io/courses/get-started-with-the-rest-countries-api-in-javascript
Plan Meals and Recipes with the Spoonacular API in JavaScript,https://www.educative.io/courses/plan-meals-and-recipes-with-the-spoonacular-api-in-javascript
Building Websites using HubSpot CMS APIs in JavaScript,https://www.educative.io/courses/building-websites-using-hubspot-cms-apis-in-javascript
Control Access to Your Applications Using Auth0 API in JavaScript,https://www.educative.io/courses/control-access-to-your-apps-using-auth0-api-in-javascript
Integration With Stripe API,https://www.educative.io/courses/integration-stripe-api
Getting Started with Braintree API,https://www.educative.io/courses/getting-started-braintree-api
Creating Payment Card Programs using Marqeta API in Python,https://www.educative.io/courses/payment-marqeta-api-python
Creating Payment Card Programs using Marqeta API in JavaScript,https://www.educative.io/courses/creating-payment-card-programs-using-marqeta-api-in-javascript
Sending and Receiving Money with Wise Payouts API in Python,https://www.educative.io/courses/money-wise-api-python
Sending and Receiving Money with Wise Payouts API in JavaScript,https://www.educative.io/courses/sending-and-receiving-money-with-wise-payouts-api-in-javascript
Handling Financial Services with Square API in Python,https://www.educative.io/courses/financial-services-square-api-python
Handling Financial Services with Square API in JavaScript,https://www.educative.io/courses/handling-financial-services-with-square-api-in-javascript
Getting Financial Data Using YH Finance API in Python,https://www.educative.io/courses/financial-data-yh-finance-api-python
Getting Financial Data Using YH Finance API in JavaScript,https://www.educative.io/courses/getting-financial-data-using-yh-finance-api-in-javascript
Tracking the Cryptocurrency Market with CoinAPI using Python,https://www.educative.io/courses/cryptocurrency-coin-api-python
Calculating Sales Tax Using Avalara's AvaTax API in Python ,https://www.educative.io/courses/calculating-sales-tax-using-avalara-avatax-api-in-python
Get Financial Market Data with Polygon API in JavaScript,https://www.educative.io/courses/get-financial-market-data-with-polygon-api-in-javascript
Facebook Login and the Facebook Graph API,https://www.educative.io/courses/facebook-login-graph-api
"Manage Profiles, Pages, and Groups Using Facebook Graph API",https://www.educative.io/courses/manage-profiles-pages-and-groups-using-facebook-graph-api
Blogging Using the Blogger API in Python,https://www.educative.io/courses/blogger-api-python
Blogging Using the Blogger API in JavaScript,https://www.educative.io/courses/blogging-using-the-blogger-api-in-javascript 
Staying Up to Date with the News API in Python,https://www.educative.io/courses/news-api-python
Staying Up to Date with the News API in JavaScript,https://www.educative.io/courses/staying-up-to-date-with-the-news-api-in-javascript
Getting Started with the Vimeo API in Python,https://www.educative.io/courses/vimeo-api-python
Getting Started with the Vimeo API in JavaScript,https://www.educative.io/courses/getting-started-with-the-vimeo-api-in-javascript
Surfacing Video Data with the Dailymotion Data API in Python,https://www.educative.io/courses/dailymotion-data-api-python
Surfacing Video Data with the Dailymotion Data API in JavaScript,https://www.educative.io/courses/surfacing-video-data-with-the-dailymotion-data-api-in-javascript
Integration With YouTube Data API in Python,https://www.educative.io/courses/youtube-data-api-python
Integration with YouTube Data API in JavaScript,https://www.educative.io/courses/integration-with-youtube-data-api-in-javascript
Managing Channels and Video Data with the Twitch API in Python,https://www.educative.io/courses/channels-video-twitch-api-python
Managing Channel and Video Data with the Twitch API in JavaScript,https://www.educative.io/courses/channel-and-video-data-with-the-twitch-api-in-javascript 
Integrate The Movie Database API in Python,https://www.educative.io/courses/movie-database-api-python
Integrate The Movie Database API in JavaScript,https://www.educative.io/courses/integrate-the-movie-database-api-in-javascript
Getting Soccer Data with API-Football in Python,https://www.educative.io/courses/soccer-api-football-python
Getting Soccer Data with API-Football in JavaScript,https://www.educative.io/courses/getting-soccer-data-with-api-football-in-javascript
Integrate the Spotify API in Python,https://www.educative.io/courses/spotify-api-python
Integrate the Spotify API in JavaScript,https://www.educative.io/courses/integrate-the-spotify-api-in-javascript 
Getting Started with the Deezer API in JavaScript,https://www.educative.io/courses/getting-started-with-the-deezer-api-in-javascript
Using OpenAI API for Natural Language Processing in Python,https://www.educative.io/courses/open-ai-api-natural-language-processing-python
Using OpenAI API for Natural Language Processing in JavaScript,https://www.educative.io/courses/using-openai-api-for-natural-language-processing-in-javascript
Integrating Microsoft Computer Vision API with Python,https://www.educative.io/courses/microsoft-computer-vision-api-python
Performing NLP Tasks Using the Cloudmersive API in Python,https://www.educative.io/courses/nlp-cloudmersive-api-python
Performing NLP Tasks Using the Cloudmersive API in JavaScript,https://www.educative.io/courses/performing-nlp-tasks-using-the-cloudmersive-api-in-javascript
Get Started with the Dropbox API in Python,https://www.educative.io/courses/dropbox-api-python
Getting Started with the Dropbox API in JavaScript,https://www.educative.io/courses/getting-started-with-dropbox-api-in-javascript
Managing Your Codebase with the GitHub API in Python,https://www.educative.io/courses/codebase-github-api-python
Managing Your Codebase with the GitHub API in JavaScript,https://www.educative.io/courses/managing-your-codebase-with-the-github-api-in-javascript
Automations with the Slack API in Python,https://www.educative.io/courses/automations-slack-api-python
Automations with the Slack API in JavaScript,https://www.educative.io/courses/automations-with-the-slack-api-in-javascript 
Getting Started with Twilio APIs in Python,https://www.educative.io/courses/twilio-api-python
Getting Started with Twilio APIs in JavaScript,https://www.educative.io/courses/getting-started-with-twilio-apis-in-javascript
Tracking Forecasts with the AccuWeather APIs in Python,https://www.educative.io/courses/forecasts-accuweather-api-python
Tracking Forecasts with AccuWeather APIs in JavaScript,https://www.educative.io/courses/tracking-forecasts-with-accuweather-api-in-javascript 
Integrating the OpenWeatherMap APIs in Python,https://www.educative.io/courses/weather-openweathermap-api-python
Integrate the OpenWeatherMap APIs in JavaScript,https://www.educative.io/courses/integrate-the-openweathermap-api-in-javascript
Planning the Perfect Vacation with Amadeus APIs in Python,https://www.educative.io/courses/vacation-amadeus-api-python
Planning the Perfect Vacation with Amadeus APIs in JavaScript,https://www.educative.io/courses/planning-the-perfect-vacation-with-amadeus-api-in-javascript
Exploring the Eventbrite APIs with Python,https://www.educative.io/courses/exploring-the-eventbrite-api-with-python
Exploring the Eventbrite API in JavaScript,https://www.educative.io/courses/exploring-the-eventbrite-api-in-javascript
Java Unit Testing with JUnit 5,https://www.educative.io/courses/java-unit-testing-with-junit-5
Pragmatic Unit Testing in Java 8 with JUnit,https://www.educative.io/courses/unit-testing-java8-junit
Unit Testing Java Applications using JUnit 5,https://www.educative.io/courses/unit-testing-java-junit5
All About JUnit5,https://www.educative.io/courses/all-about-junit5
Frontend End-to-End Testing with Cypress,https://www.educative.io/courses/frontend-testing-cypress
A Front-End Web Developer’s Guide to Testing,https://www.educative.io/courses/a-front-end-web-developers-guide-to-testing
Using Jasmine to Unit Test Your JavaScript App,https://www.educative.io/courses/using-jasmine-unit-test-javascript-app
Fundamentals of Testing Using Rails,https://www.educative.io/courses/testing-fundamentals-rails
Angular Testing with Jasmine,https://www.educative.io/courses/angular-testing-with-jasmine
Front-end Testing 101: Integration and End-to-end Testing,https://www.educative.io/courses/front-end-testing-integration
Mastering Jest: A Complete Guide to Testing,https://www.educative.io/courses/mastering-jest-a-complete-guide-to-testing
Test-driven Development with React,https://www.educative.io/courses/test-driven-react-development
Testing React Apps with Jest and React Testing Library,https://www.educative.io/courses/testing-react-apps-jest-react-testing-library
Complete Guide to Testing React Apps with Jest and Selenium,https://www.educative.io/courses/complete-testing-react-apps-jest-selenium
Testing React Applications with Postman and WebdriverIO,https://www.educative.io/courses/testing-react-applications-with-postman-and-webdriver-io
Mastering Unit Testing Principles with NUnit,https://www.educative.io/courses/mastering-unit-testing-principles-with-nunit
Mastering Unit Testing with Pytest,https://www.educative.io/courses/mastering-unit-testing-with-pytest
Property-Based Testing with PropEr in Elixir,https://www.educative.io/courses/property-based-testing-proper-elixir
Property-Based Testing with PropEr in Erlang,https://www.educative.io/courses/property-based-testing-proper-erlang
Ensuring Elixir Application Performance with Testing and ExUnit,https://www.educative.io/courses/ensuring-elixir-application-performance-with-testing-and-exunit
Bulletproof Ruby on Rails Applications,https://www.educative.io/courses/bulletproof-ruby-on-rails-applications
Effective Unit and Integration Testing in Scala,https://www.educative.io/courses/effective-unit-and-integration-testing-in-scala
Design a Test Automation Framework with Selenium and Java,https://www.educative.io/courses/test-automation-framework-selenium-java
Mastering XPath for Selenium,https://www.educative.io/courses/mastering-xpath-for-selenium
Selenium WebDriver Recipes in Node.js,https://www.educative.io/courses/selenium-webdriver-nodejs
Learn REST and SOAP API Test Automation in Java,https://www.educative.io/courses/learn-rest-soap-api-test-automation-java
Testing Vue.js Components with Jest,https://www.educative.io/courses/testing-vuejs-components-with-jest
"Performance Test Automation 101: Gatling, Lighthouse, & Jenkins",https://www.educative.io/courses/performance-test-automation-101-gatling-lighthouse-jenkins
Mobile Test Automation with Appium,https://www.educative.io/courses/mobile-test-auto-appium-101
Testing Next.js Applications with Cypress,https://www.educative.io/courses/testing-nextdotjs-applications-with-cypress
Cyber Security Best Practices for Developers,https://www.educative.io/courses/cyber-security-best-practices-for-developers
Password Security: How not to Store Passwords,https://www.educative.io/courses/how-not-to-store-passwords
Practical Security: Simple Practices for Defending Your Systems,https://www.educative.io/courses/practical-security-defending-your-systems
Everyday Cryptography,https://www.educative.io/courses/everyday-cryptography 
Cryptographic Primitives in Blockchain Technology,https://www.educative.io/courses/cryptographic-primitives-in-blockchain-technology 
Web Application Security for the Everyday Software Engineer,https://www.educative.io/courses/web-application-security-everyday-software-engineer
Web Application Security: Understanding HTTP Security Headers,https://www.educative.io/courses/web-application-security-http-headers
Integrate Auth0 with Java Servlet Application,https://www.educative.io/courses/integrate-auth0-java-servlet
Securing Blazor Applications with Auth0,https://www.educative.io/courses/securing-blazor-applications-with-auth0
Using Single Sign-On for Securing Applications in ASP.NET Core,https://www.educative.io/courses/using-single-sign-on-for-securing-applications-in-aspnet-core
Authorization with OAuth 2.0 in Python,https://www.educative.io/courses/authorization-oauth-2-python
Oauth2 with Spring Security,https://www.educative.io/courses/oauth2-with-spring-security
"Web Security and Access Management: JWT, OAuth2 & OpenID Connect",https://www.educative.io/courses/web-security-access-management-jwt-oauth2-openid-connect
Authenticating Application Users with Okta in JavaScript,https://www.educative.io/courses/authenticating-application-users-with-okta-in-javascript
Authorization with OAuth 2.0 in JavaScript,https://www.educative.io/courses/authorization-with-oauth-two-in-javascript
JakartaEE Security Workshop,https://www.educative.io/courses/jakarta-ee-security-workshop
Burp Suite Extension Development,https://www.educative.io/courses/burp-suite-extension-development
Custom User Authentication with Simple JWT in Django RESTful,https://www.educative.io/courses/custom-user-authentication-with-simple-jwt-in-django-restful
Building Secure RESTful APIs with NestJS: A Practical Guide,https://www.educative.io/courses/building-secure-restful-apis-with-nestjs-a-practical-guide
Web Application Penetration Testing,https://www.educative.io/courses/web-application-penetration-testing
Building Safer JavaScript Applications,https://www.educative.io/courses/building-scalable-web-applications-using-aws-cli-and-wordpress
Kerberos for Beginners: Intro to Network Authentication Protocol,https://www.educative.io/courses/kerberos-for-beginners-intro-network-authentication-protocol
Scanning with Nmap: A Complete Guide,https://www.educative.io/courses/scanning-with-nmap-a-complete-guide
Python Scapy for Network Security,https://www.educative.io/courses/python-scapy-for-network-security
Database Design Fundamentals for Software Engineers,https://www.educative.io/courses/database-design-fundamentals
Deep Dive into the Internals of the Database,https://www.educative.io/courses/deep-dive-into-the-internals-of-the-database
Getting Started with LINQ in C#,https://www.educative.io/courses/getting-started-linq-c-sharp
Using Entity Framework Core for Data Access & Relational Mapping,https://www.educative.io/courses/entity-framework-core-for-data-access-and-relational-mapping
Querying Databases Using Transact-SQL,https://www.educative.io/courses/querying-databases-using-transact-sql
The Art of PostgreSQL,https://www.educative.io/courses/the-art-of-postgresql
Mastering PostgreSQL Databases: From Basics to Advanced,https://www.educative.io/courses/mastering-postgre-sql-databases-from-basics-to-advanced
Building a Web Application with JavaScript and IndexedDB,https://www.educative.io/courses/building-a-web-application-with-javascript-and-indexeddb
An Introductory Guide to SQL,https://www.educative.io/courses/introductory-guide-to-sql
Getting Started with SQL and Relational Databases,https://www.educative.io/courses/getting-started-sql-relational-databases
Learn Intermediate SQL,https://www.educative.io/courses/learn-intermediate-sql
SQL Antipatterns: Avoiding the Pitfalls of Database Programming,https://www.educative.io/courses/sql-antipatterns-database-programming
A Practical Guide to SQL and Database Fundamentals,https://www.educative.io/courses/a-practical-guide-to-sql-and-database-fundamentals
Learn SQL From Scratch,https://www.educative.io/courses/learn-sql-from-scratch
SQL Interview Preparation,https://www.educative.io/courses/sql-interview-preparation
Learn Data Build Tools ( DBT ),https://www.educative.io/courses/learn-data-build-tools
MongoDB: The Complete Guide,https://www.educative.io/courses/mongodb-complete-guide
The Definitive Guide to MongoDB,https://www.educative.io/courses/definitive-guide-to-mongodb
DynamoDB Deep Dive: NoSQL for Software Engineers,https://www.educative.io/courses/aws-dynamodb-nosql
DynamoDB: From Basic To Advance,https://www.educative.io/courses/dynamodb-from-basic-to-advance
Complete Guide to Redis,https://www.educative.io/courses/complete-guide-to-redis
Building Practical Applications with Redis using Go,https://www.educative.io/courses/building-practical-applications-with-redis-using-go
A Complete Guide to Firebase on the Web,https://www.educative.io/courses/complete-guide-firebase-web
Integrating Firebase with React,https://www.educative.io/courses/integrating-firebase-with-react
Full-Stack Web Applications with Firebase,https://www.educative.io/courses/fullstack-web-apps-with-firebase
Vector Databases: From Embeddings to Applications,https://www.educative.io/courses/vector-databases-from-embeddings-to-applications
Vector Databases for Large Language Models (LLMs),https://www.educative.io/courses/vector-databases-for-llms
Effective Software Development for Enterprise Applications,https://www.educative.io/courses/effective-software-development-enterprise-applications
Software Architecture in Java: Design & Development,https://www.educative.io/courses/software-architecture-in-java-design-development
Web Application and Software Architecture 101,https://www.educative.io/courses/web-application-software-architecture-101
Hexagonal Software Architecture for Web Applications,https://www.educative.io/courses/hexagonal-architecture-web-apps
Kanban Fundamentals: Boosting Developer Productivity,https://www.educative.io/courses/kanban-fundamentals
More Effective Agile: A Roadmap for Software Leaders,https://www.educative.io/courses/more-effective-agile-a-roadmap-for-software-leaders
Development: A Guide to Modern Software Delivery,https://www.educative.io/courses/development-a-guide-to-modern-software-delivery
Learn Agile Methodologies from Scratch,https://www.educative.io/courses/learn-agile-methodologies-from-scratch
Applying Agile Methods to Large Teams and Projects,https://www.educative.io/courses/applying-agile-methods-to-large-teams-and-projects
Software Architecture in Applications,https://www.educative.io/courses/software-architecture-in-applications
Software Design Patterns: Best Practices for Software Developers,https://www.educative.io/courses/software-design-patterns-best-practices
Software Design Patterns in C,https://www.educative.io/courses/software-design-patterns-c
Master Software Design Patterns and Architecture in C++,https://www.educative.io/courses/master-software-design-patterns-and-architecture-in-c-plus-plus
Kotlin Design Patterns and Best Practices,https://www.educative.io/collection/10370001/6424513354137600
JavaScript Design Patterns for Coding Interviews,https://www.educative.io/courses/javascript-design-patterns-for-coding-interviews
Domain Driven Design Made Easy,https://www.educative.io/courses/domain-driven-design
The Easiest Way to Learn Design Patterns in C#,https://www.educative.io/courses/the-easiest-way-to-learn-design-patterns-in-csharp
Grokking the Low Level Design Interview Using OOD Principles,https://www.educative.io/courses/grokking-the-low-level-design-interview-using-ood-principles
Introduction to Human-Computer Interaction,https://www.educative.io/courses/intro-human-computer-interaction
Navigating Metaverse: Thriving in the 3D Internet of the Future,https://www.educative.io/courses/navigating-metaverse-thriving-in-the-3d-internet-of-the-future
Become Proficient in WebXR: Create XR Experiences Using A-Frame,https://www.educative.io/courses/become-proficient-in-webxr-create-xr-experiences-using-a-frame
Mastering VR Development with Unity and Meta Quest 2,https://www.educative.io/courses/mastering-vr-development-with-unity-and-meta-quest-2
Creating Augmented Reality Apps with Unity and AR Foundation,https://www.educative.io/courses/creating-augmented-reality-apps-with-unity-and-ar-foundation
Become an AR Developer: A Complete Guide,https://www.educative.io/courses/become-an-ar-developer-a-complete-guide
Grokking Modern System Design Interview for Engineers & Managers,https://www.educative.io/courses/grokking-modern-system-design-interview-for-engineers-managers
Grokking the Principles and Practices of Advanced System Design,https://www.educative.io/courses/grokking-the-principles-and-practices-of-advanced-system-design 
System Design Interview: DoorDash,https://www.educative.io/courses/system-design-interview-doordash
The System Design Interview Prep Handbook,https://www.educative.io/courses/system-design-interview-handbook
Grokking the API Design Interview,https://www.educative.io/courses/grokking-the-api-design-interview
System Design Interview Prep Crash Course,https://www.educative.io/courses/system-design-interview-prep-crash-course
Advanced System Design Interview Prep: Crash Course,https://www.educative.io/courses/advanced-system-design-interview-prep-crash-course
Distributed Systems for Practitioners,https://www.educative.io/courses/distributed-systems-practitioners
Distributed Systems: Building Software for the Real World,https://www.educative.io/courses/distributed-systems-real-world
Introduction to Distributed Systems for Dummies,https://www.educative.io/courses/introduction-to-distributed-systems-for-dummies
Become a Blockchain Developer,https://www.educative.io/courses/hands-on-blockchain-hyperledger-fabric
Developing Play-to-Earn Games in Solidity,https://www.educative.io/courses/developing-play-to-earn-games-in-solidity
An Introduction to Developing Web3 Apps Using Solidity and React,https://www.educative.io/courses/an-introduction-to-developing-web3-apps-using-solidity-and-react
Master Ethereum Development: From Beginner to Dapp Developer,https://www.educative.io/courses/master-ethereum-development-from-beginner-to-dapp-developer
Building a Blockchain from Scratch Using Solidity and Ethereum,https://www.educative.io/courses/building-a-blockchain-from-scratch-using-solidity-and-ethereum
Ethereum Blockchain Development with Solidity and Next.js,https://www.educative.io/courses/ethereum-blockchain-development-with-solidity-and-nextjs
Cloud Computing Fundamentals,https://www.educative.io/courses/cloud-computing-fundamentals
Navigating Cloud Engineering as a Career Path,https://www.educative.io/courses/navigating-cloud-engineering-as-a-career-path 
Cloud Architecture: A Guide To Design & Architect Your Cloud,https://www.educative.io/courses/cloud-architecture-a-guide-to-design-and-architect-your-cloud
"Cloud Native Development with Tailwind, Google Cloud and Firebase",https://www.educative.io/courses/cloud-native-development
Cracking the Google Associate Cloud Engineer Certification,https://www.educative.io/courses/google-cloud-assoc-certification
Azure Data Studio Masterclass,https://www.educative.io/courses/azure-data-studio-masterclass
Building Event Driven and Microservices Architecture in Azure,https://www.educative.io/courses/event-driven-microservices-azure
Mastering Artificial Intelligence with Azure Cognitive Services,https://www.educative.io/courses/mastering-artificial-intelligence-azure-cognitive-services
Building and Deploying Azure Functions in .NET,https://www.educative.io/courses/building-and-deploying-azure-functions-in-dotnet
Building Resilient Event-Driven Microservices Apps in .Net 7,https://www.educative.io/courses/building-resilient-event-driven-microservices-apps-in-dotnet-7
Azure Cloud Solutions Architect Program,https://www.educative.io/courses/azure-cloud-solutions-architect-program
Securing Azure Workloads: Principles and Practices,https://www.educative.io/courses/securing-azure-workloads-principles-and-practices
An Introduction to Apache Airflow,https://www.educative.io/courses/introduction-to-apache-airflow
Using Apache Camel with Enterprise Integration Patterns,https://www.educative.io/courses/using-apache-camel-with-enterprise-integration-patterns
The Good Parts of AWS: Cutting Through the Clutter,https://www.educative.io/courses/good-parts-of-aws
Learn the A to Z of Amazon Web Services (AWS),https://www.educative.io/courses/learn-the-a-to-z-of-amazon-web-services-aws
A Programmer’s Guide to AWS S3 ,https://www.educative.io/courses/programmers-guide-aws-s3
The Detailed Workings of AWS S3,https://www.educative.io/courses/detailed-workings-aws-s3
Running Serverless Applications with AWS Lambda,https://www.educative.io/courses/running-serverless-applications-aws-lambda
AWS Security Fundamentals: A Practical Guide to AWS IAM,https://www.educative.io/courses/aws-security-iam
AWS Certified Solutions Architect Associate Exam Prep,https://www.educative.io/courses/aws-certified-solutions-architect-assoc-exam-prep
Master AWS Certified Solutions Architect Associate SAA-C03 Exam,https://www.educative.io/courses/master-aws-certified-solutions-architect-associate-saa-c03-exam
AWS API Gateway: The Unsung Warrior,https://www.educative.io/courses/aws-api-gateway-the-unsung-warrior
CI/CD Using Native Tools Available on AWS,https://www.educative.io/courses/ci-cd-using-native-tools-available-on-aws
Building Scalable Web Applications using AWS CLI & WordPress,https://www.educative.io/courses/building-scalable-web-applications-using-aws-cli-and-wordpress
Mastering Serverless Computing for Data Science,https://www.educative.io/courses/mastering-serverless-computing-for-data-science
Automate Workflows with AWS Step Functions,https://www.educative.io/courses/automate-workflows-with-aws-step-functions
AWS Cost Optimization,https://www.educative.io/courses/aws-cost-optimization
A Complete Guide for Virtual Private Cloud Using AWS,https://www.educative.io/courses/a-complete-guide-for-virtual-private-cloud-using-aws
Data Analytics on AWS: An Architectural Guide,https://www.educative.io/courses/data-analytics-on-aws-an-architectural-guide
Building AWS Lambda Functions with C# and .NET,https://www.educative.io/courses/building-aws-lambda-functions-with-csharp-and-dotnet
AWS Certified SysOps Administrator - Associate Exam Prep,https://www.educative.io/courses/aws-certified-sysops-administrator-associate-exam-prep
Beginner’s Guide to Terraform,https://www.educative.io/courses/beginners-guide-to-terraform
Terraform: From Beginner to Master with Examples in AWS,https://www.educative.io/courses/terraform-beginner-master-aws
HashiCorp Terraform Certified Associate Preparation Guide,https://www.educative.io/courses/hashicorp-terraform-certified-associate-preparation-guide
Infrastructure as Code Using Terraform,https://www.educative.io/courses/infrastructure-as-code-using-terraform
An Introduction to Microservice Principles and Concepts,https://www.educative.io/courses/introduction-microservice-principles-concepts
Microservice Architecture: Practical Implementation ,https://www.educative.io/courses/microservice-architecture-practical-implementation
Developing Microservices with Spring Boot,https://www.educative.io/courses/developing-microservices-with-spring-boot
Developing Microservices with Quarkus,https://www.educative.io/courses/developing-microservices-with-quarkus
"Build Microservices Web Apps with RabbitMQ, React TSX, and Django",https://www.educative.io/courses/build-microservices-web-apps-with-rabbitmq-react-tsx-and-django
The Complete Guide to DevOps in Azure,https://www.educative.io/courses/complete-guide-devops-azure
Run Selenium Java Tests In Azure DevOps,https://www.educative.io/courses/selenium-java-azure-devops
The DevOps Toolkit: Working with Jenkins X,https://www.educative.io/courses/devops-toolkit-working-with-jenkins-x
The DevOps Toolkit: Kubernetes Chaos Engineering,https://www.educative.io/courses/devops-toolkit-kubernetes-chaos-engineering
Automate Your Network ,https://www.educative.io/courses/automate-your-network
Ansible: Zero to Production Ready,https://www.educative.io/courses/ansible-zero-to-production-ready
Automating IT Infrastructure with Ansible,https://www.educative.io/courses/automating-it-infrastructure-with-ansible
Configuration Management Using Ansible,https://www.educative.io/courses/configuration-management-using-ansible
GitOps—Modern Operations for Cloud Native Applications,https://www.educative.io/courses/gitops-modern-operations-for-cloud-native-applications
The DevOps Toolkit Catalogue,https://www.educative.io/courses/the-devops-toolkit-catalogue
Devops Katas,https://www.educative.io/courses/devops-katas-mastering-devops-practices
Automating a CI/CD pipeline with AWS DevOps,https://www.educative.io/courses/automating-a-ci-cd-pipeline-with-aws-devops
Mastering Web Application Deployment Using CI/CD Pipelines,https://www.educative.io/courses/mastering-web-application-deployment-using-ci-cd-pipelines
Elasticsearch Fundamentals: Indexing and Querying Data,https://www.educative.io/courses/elasticsearch-fundamentals-indexing-and-querying-data
The Beginners Guide to Docker,https://www.educative.io/courses/beginners-guide-to-docker
Docker for Developers,https://www.educative.io/courses/docker-for-developers
Docker Deep Dive: Advanced Techniques,https://www.educative.io/courses/advanced-docker-techniques
Docker for Web Developers,https://www.educative.io/courses/docker-for-web-developers
Docker for Rails Developers,https://www.educative.io/courses/docker-for-rails-developers
Simple Steps to Building Modern Applications with Docker,https://www.educative.io/courses/simple-building-modern-applications-docker
Working with Containers: Docker & Docker Compose,https://www.educative.io/courses/working-with-containers-docker-docker-compose
Troubleshooting Docker and Kubernetes Containers,https://www.educative.io/courses/troubleshooting-docker-and-kubernetes-containers
Quick Start Kubernetes,https://www.educative.io/courses/quick-start-kubernetes
Kubernetes in Practice,https://www.educative.io/courses/kubernetes-in-practice
A Practical Guide to Kubernetes,https://www.educative.io/courses/practical-guide-to-kubernetes
Learn Kubernetes: A Deep Dive,https://www.educative.io/courses/the-kubernetes-course
"Advanced Kubernetes Techniques: Monitoring, Logging, Auto-Scaling",https://www.educative.io/courses/advanced-kubernetes-techniques
Running Kubernetes Cluster using Azure Kubernetes Service,https://www.educative.io/courses/running-kubernetes-cluster-using-azure-kubernetes-service
Building a Serverless App Platform on Kubernetes,https://www.educative.io/courses/building-a-serverless-app-platform-on-kubernetes
A Practical Guide to Helm,https://www.educative.io/courses/a-practical-guide-to-helm
Programming with Kubernetes,https://www.educative.io/courses/programming-with-kubernetes
A Guide to Vagrant and Virtual Machines,https://www.educative.io/courses/guide-to-vagrant-virtual-machines
Getting Started with Git Version Control,https://www.educative.io/courses/getting-started-with-git-version-control
A Guide to Git & Version Control,https://www.educative.io/courses/guide-to-git-and-version-control
Learn Git the Hard Way,https://www.educative.io/courses/learn-git-hard-way
A Guide to Learning Software Trace and Log Analysis Patterns,https://www.educative.io/courses/guide-learning-software-trace-log-analysis-patterns
Data Science for Non-Programmers,https://www.educative.io/courses/data-science-for-non-programmers
Grokking Data Science,https://www.educative.io/courses/grokking-data-science
Introduction to Data Science with Python,https://www.educative.io/courses/introduction-to-data-science-with-python
Data Analytics in Python,https://www.educative.io/courses/data-analytics-in-python
Predictive Data Analysis with Python,https://www.educative.io/courses/predictive-data-analysis-with-python
Linear Algebra for Data Science Using Python ,https://www.educative.io/courses/linear-algebra-for-data-science-using-python
Practical Data Analysis with SQL,https://www.educative.io/courses/practical-data-analysis-with-sql
Simple Anomaly Detection using SQL,https://www.educative.io/courses/simple-anomaly-detection-sql
Developing and Analyzing Statistical Models with R,https://www.educative.io/courses/developing-analyzing-statistical-models-r 
Performing Modern Statistical Analysis with R,https://www.educative.io/courses/performing-modern-statistical-analysis-r 
Using R for Data Analysis in Social Sciences,https://www.educative.io/courses/using-r-data-analysis-social-sciences 
Game Data Science Using R,https://www.educative.io/courses/game-data-science-using-r 
Data-Centric Statistical Inference Using R and Tidyverse,https://www.educative.io/courses/datacentric-statistical-inference-using-r-and-tidyverse
Processing Real-world Data Efficiently with Rust,https://www.educative.io/courses/processing-real-world-data-efficiently-with-rust
Time Series Analysis with Python,https://www.educative.io/courses/time-series-analysis-with-python
Effective Data Manipulation with pandas,https://www.educative.io/courses/effective-data-manipulation-with-pandas
Data Wrangling With Python,https://www.educative.io/courses/data-wrangling-with-python
Data Science Projects with Python,https://www.educative.io/courses/data-science-projects-with-python
Data Science in R: From Basics to Machine Learning,https://www.educative.io/courses/data-science-in-r-from-basics-to-machine-learning
Introduction to Data Analysis and Visualization with R,https://www.educative.io/courses/introduction-to-data-analysis-and-visualization-with-r
Data Science with R: Decision Trees and Random Forests,https://www.educative.io/courses/data-science-with-r-decision-trees-and-random-forests
An Introduction to Time Series,https://www.educative.io/courses/an-introduction-to-time-series
Data Science Handbook,https://www.educative.io/courses/data-science-handbook
An Introduction to Entity Resolution in Python,https://www.educative.io/courses/an-introduction-to-entity-resolution-in-python
Python Data Analysis and Visualization,https://www.educative.io/courses/python-data-analysis-and-visualization
Introduction to Visualization Using D3.js,https://www.educative.io/courses/introduction-to-visualization-using-d3-js
Master D3.js for Data Visualization,https://www.educative.io/courses/master-d3-data-visualization
D3 Tips and Tricks: Interactive Data Visualization,https://www.educative.io/courses/d3-tips-data-visualization
Data Visualization and Analysis With Seaborn Library,https://www.educative.io/courses/data-visualization-and-analysis-with-seaborn-library
Data Storytelling through Visualizations in Python,https://www.educative.io/courses/data-storytelling-through-visualizations-in-python
Interactive Dashboards and Data Apps with Plotly and Dash,https://www.educative.io/courses/interactive-dashboards-and-data-apps-with-plotly-and-dash
Mastering Plotly and Dash Data Visualization with Python,https://www.educative.io/courses/mastering-plotly-and-dash-data-visualization-with-python
Data Visualizations with ggplot2 in R,https://www.educative.io/courses/data-visualizations-with-ggplot2-in-r
Using Python Altair for Data Storytelling ,https://www.educative.io/courses/using-python-altair-for-data-storytelling
Data Science Interview Handbook,https://www.educative.io/courses/data-science-interview-handbook
Data Analytics Interview Prep Using Pandas,https://www.educative.io/courses/data-analytics-interview-prep-pandas
Deep Dive Into Data Science Interview,https://www.educative.io/courses/deep-dive-into-data-science-interview
Introduction to Big Data and Hadoop,https://www.educative.io/courses/introduction-to-big-data-and-hadoop
"The No Nonsense Introduction To Big Data, Hadoop and Streaming",https://www.educative.io/courses/intro-to-big-data-hadoop-streaming
Building Scalable Data Pipelines with Kafka,https://www.educative.io/courses/scalable-data-pipelines-kafka
Kafka Streams for Software Developers,https://www.educative.io/courses/kafka-streams-for-software-developers
Data Engineering Foundations in Python,https://www.educative.io/courses/data-engineering-foundations
An Introduction to Spark,https://www.educative.io/courses/introduction-to-spark
Mastering Big Data with Apache Spark and Java ,https://www.educative.io/courses/mastering-big-data-apache-spark-java-api
From Pandas to PySpark DataFrame,https://www.educative.io/courses/pandas-to-pyspark-dataframe
Mastering Big Data with PySpark,https://www.educative.io/courses/mastering-big-data-with-pyspark
Data Science in Production: Building Scalable Model Pipelines,https://www.educative.io/courses/data-science-in-production-building-scalable-model-pipelines
Mastering Apache Kafka,https://www.educative.io/courses/mastering-apache-kafka
Transferring Data with ETL,https://www.educative.io/courses/transferring-data-with-etl
Fundamentals of Machine Learning for Software Engineers,https://www.educative.io/courses/fundamentals-of-machine-learning-for-software-engineers
Fundamentals of Machine Learning: A Pythonic Introduction,https://www.educative.io/courses/fundamentals-of-machine-learning-a-pythonic-introduction
Machine Learning for Beginners,https://www.educative.io/courses/machine-learning-for-beginners
Mastering Machine Learning Theory and Practice,https://www.educative.io/courses/mastering-machine-learning-theory-and-practice 
"Machine Learning with NumPy, pandas, scikit-learn, and More",https://www.educative.io/courses/machine-learning-numpy-pandas-scikit-learn
A Practical Guide to Machine Learning with Python,https://www.educative.io/courses/guide-to-machine-learning-python
An Introductory Guide to Data Science and Machine Learning,https://www.educative.io/courses/intro-data-science-machine-learning
Feature Engineering for Machine Learning,https://www.educative.io/courses/feature-engineering-for-machine-learning
Introduction to Graph Machine Learning,https://www.educative.io/courses/introduction-to-graph-machine-learning
Mitigating Disasters in ML Pipelines,https://www.educative.io/courses/mitigating-disasters-in-ml-pipelines
Machine Learning Handbook,https://www.educative.io/courses/machine-learning-handbook
Using ML.NET to Build Machine Learning Models,https://www.educative.io/courses/using-ml-dot-net-to-build-machine-learning-models
Bayesian Machine Learning for Optimization in Python,https://www.educative.io/courses/bayesian-machine-learning-for-optimization-in-python
Optimization for Machine Learning with NumPy and SciPy,https://www.educative.io/courses/optimization-for-machine-learning-with-numpy-and-scipy
Mastering Hyperparameter Optimization for Machine Learning,https://www.educative.io/courses/mastering-hyperparameter-optimization-for-machine-learning
Building a Machine Learning Pipeline from Scratch,https://www.educative.io/courses/building-a-machine-learning-pipeline-from-scratch
Deal with Mislabeled and Imbalanced Machine Learning Datasets,https://www.educative.io/courses/deal-with-mislabeled-and-imbalanced-machine-learning-datasets
Distributed Machine Learning and Its Implementation with H2O,https://www.educative.io/courses/distributed-machine-learning-and-its-implementation-with-h2o
Natural Language Processing with Machine Learning,https://www.educative.io/courses/natural-language-processing-ml
Performing Natural Language Processing with R,https://www.educative.io/courses/performing-natural-language-processing-with-r
Building Grammatical Error Correction Models with Python,https://www.educative.io/courses/building-grammatical-error-correction-models-with-python
Google Cloud: AI Speech-to-Text with Python 3,https://www.educative.io/courses/google-cloud-ai-speech-to-text-python-3
Machine Learning System Design,https://www.educative.io/courses/machine-learning-system-design
Medical Image Analysis in Python ,https://www.educative.io/courses/medical-image-analysis-python
Getting Started with Image Classification with PyTorch ,https://www.educative.io/courses/getting-started-with-image-classification-with-pytorch
Using PyTorch for Image Classification and Object Detection,https://www.educative.io/courses/image-classification-and-object-detection-using-pytorch
Mastering Computer Vision in Python with OpenCV,https://www.educative.io/courses/computer-vision-in-python-with-opencv
Automated Inspection with Computer Vision,https://www.educative.io/courses/automated-inspection-with-computer-vision
Transformers for Computer Vision Applications,https://www.educative.io/courses/transformers-for-computer-vision-applications
Analyzing and Transforming Faces in Python,https://www.educative.io/courses/analyzing-transforming-faces-python
Applying Hugging Face Machine Learning Pipelines in Python,https://www.educative.io/courses/hugging-face-machine-learning-pipelines-python
Exploring the Hugging Face Inference API in JavaScript,https://www.educative.io/courses/exploring-the-hugging-face-inference-api-in-javascript
Business Machine Learning,https://www.educative.io/courses/business-machine-learning
Marketing Analytics with Machine Learning Techniques,https://www.educative.io/courses/marketing-analytics-using-machine-learning-techniques
Learning OpenCV from Scratch with C++,https://www.educative.io/courses/learning-opencv-from-scratch-with-cpp
3D Machine Learning with PyTorch3D,https://www.educative.io/courses/3d-machine-learning-with-pytorch3d
Transformers for Natural Language Processing,https://www.educative.io/courses/transformers-for-natural-language-processing
Natural Language Processing with TensorFlow,https://www.educative.io/courses/natural-language-processing-with-tensorflow
Deep Dive into Object Detection with YOLO,https://www.educative.io/courses/deep-dive-into-object-detection-with-yolo
Hands-on Machine Learning with Scikit-Learn,https://www.educative.io/courses/hands-on-machine-learning-with-scikit-learn
Basic Pytorch Tensor Manipulation for Machine Learning,https://www.educative.io/courses/pytorch-tensor-manipulation
Simplifying Machine Learning with PyCaret in Python,https://www.educative.io/courses/simplify-machine-learning-pycaret-python
Alexa Skills 101: Building voice apps for Alexa,https://www.educative.io/courses/building-voice-apps-alexa
Reliable Machine Learning,https://www.educative.io/courses/reliable-machine-learning
Mastering spaCy,https://www.educative.io/courses/mastering-spacy
Using GeoPandas for Geospatial Analysis in Python,https://www.educative.io/courses/using-geopandas-for-geospatial-analysis-in-python
Scikit-Learn for Machine Learning,https://www.educative.io/courses/scikit-learn-for-machine-learning
Grokking the Machine Learning Interview,https://www.educative.io/courses/grokking-the-machine-learning-interview
Make Your Own Neural Network in Python,https://www.educative.io/courses/make-your-own-neural-network-in-python
A Beginner's Guide to Deep Learning,https://www.educative.io/courses/beginners-guide-to-deep-learning
Introduction to Deep Learning & Neural Networks,https://www.educative.io/courses/intro-deep-learning
Building Advanced Deep Learning and NLP Projects,https://www.educative.io/courses/building-advanced-deep-learning-nlp-projects
Image Recognition with Machine Learning,https://www.educative.io/courses/image-recognition-ml
Applied Machine Learning: Deep Learning for Industry,https://www.educative.io/courses/deep-learning-for-industry
Designing Machine/Deep Learning Models Using Azure CLI,https://www.educative.io/courses/designing-machine-deep-learning-models-using-azure-cli
Deep Learning with JAX and Flax,https://www.educative.io/courses/deep-learning-with-jax-and-flax
Deep Learning for Android Apps,https://www.educative.io/courses/deep-learning-for-android-apps
Understanding Deep Learning Applications in Rare Event Prediction,https://www.educative.io/courses/understanding-deep-learning-application-in-rare-event-prediction
Applied Machine Learning: Industry Case Study with TensorFlow,https://www.educative.io/courses/industry-case-study-tensorflow
Deep Learning with PyTorch Step-by-Step: Part I - Fundamentals,https://www.educative.io/courses/deep-learning-pytorch-fundamentals
Make Your First GAN Using PyTorch,https://www.educative.io/courses/make-your-first-gan-pytorch
Hands-On Generative Adversarial Networks with Keras,https://www.educative.io/courses/hands-on-generative-adversarial-networks-with-keras
Hands-On Generative Adversarial Networks with PyTorch,https://www.educative.io/courses/hands-on-generative-adversarial-networks-with-pytorch
Introduction to JAX and Deep Learning,https://www.educative.io/courses/intro-jax-deep-learning
Master Explainable AI: Interpreting Image Classifier Decisions,https://www.educative.io/courses/master-explainable-ai-interpreting-image-classifier-decisions
"Artificial Intelligence Foundations: Logic, Learning, and Beyond",https://www.educative.io/courses/artificial-intelligence-foundations
Image Colorization Using Artificial Intelligence,https://www.educative.io/courses/image-colorization-using-artificial-intelligence
Fundamentals of AI Fairness,https://www.educative.io/courses/fundamentals-of-ai-fairness
Generative AI: From Theory to Product Launch,https://www.educative.io/courses/generative-ai-from-theory-to-product-launch
Responsible AI: Principles and Practices,https://www.educative.io/courses/responsible-ai-principles-and-practices
Getting Started with Google BERT,https://www.educative.io/courses/getting-started-with-google-bert
Getting Started with Google Gemini,https://www.educative.io/courses/getting-started-with-google-gemini
Building Multimodal RAG Applications with Google Gemini,https://www.educative.io/courses/building-multimodal-rag-applications-with-google-gemini
Guide to Building Python and LLM-Based Multimodal Chatbots,https://www.educative.io/courses/guide-to-building-python-and-llm-based-multimodal-chatbots
Unleash the Power of Large Language Models Using LangChain,https://www.educative.io/courses/unleash-the-power-of-large-language-models-using-langchain
Essentials of Large Language Models: A Beginner’s Journey,https://www.educative.io/courses/essentials-of-large-language-models-a-beginners-journey
Introduction to Diffusion Models,https://www.educative.io/courses/introduction-to-diffusion-models
Modern Generative AI with ChatGPT and OpenAI Models,https://www.educative.io/courses/modern-generative-ai-with-chatgpt-and-openai-models
Unleashing the Power of AI with OpenAI’s GPT-3,https://www.educative.io/courses/unleashing-the-power-of-ai-with-openai-gpt-3
Code Generation and Testing in Rust Using OpenAI’s GPT-4,https://www.educative.io/courses/code-generation-and-testing-in-rust-using-openai-gpt-4
Build OpenAI Applications with JavaScript,https://www.educative.io/courses/build-open-ai-applications-using-javascript
Mastering OpenAI API and ChatGPT for Innovative Applications,https://www.educative.io/courses/mastering-openai-api-and-chatgpt-for-innovative-applications
Build AI Agents and Multi-Agent Systems with CrewAI,https://www.educative.io/courses/build-ai-agents-and-multi-agent-systems-with-crewai
Fundamentals of Retrieval-Augmented Generation with LangChain,https://www.educative.io/courses/fundamentals-of-retrieval-augmented-generation-with-langchain
Advanced RAG Techniques: Choosing the Right Approach,https://www.educative.io/courses/advanced-rag-techniques-choosing-the-right-approach
Master Knowledge Graph Retrieval-Augmented Generation with Neo4j,https://www.educative.io/courses/master-knowledge-graph-rag-with-neo4j
Fine-Tuning LLMs Using LoRA and QLoRA,https://www.educative.io/courses/fine-tuning-llms-using-lora-and-qlora
Generative AI with Python and TensorFlow 2,https://www.educative.io/courses/generative-ai-with-python-and-tensorflow2
Master ChatGPT Prompt Engineering,https://www.educative.io/courses/master-chatgpt-prompt-engineering
All You Need to Know About Prompt Engineering,https://www.educative.io/courses/all-you-need-to-know-about-prompt-engineering
Empowering Solopreneurs in the Enterprise Landscape with ChatGPT,https://www.educative.io/courses/empowering-solopreneurs-in-the-enterprise-landscape-with-chatgpt
Prompt Engineering: Building a Professional Portfolio,https://www.educative.io/courses/prompt-engineering-building-a-professional-portfolio
Introduction to Prompt Engineering with Llama 3,https://www.educative.io/courses/introduction-to-prompt-engineering-with-llama-3
"Debugging, Disassembly & Reversing in Linux for x64 Architecture",https://www.educative.io/courses/debugging-disassembly-reversing-in-linux-x64-architecture 
"Foundations of Linux ARM64: Debug, Disassemble, and Reverse",https://www.educative.io/courses/foundations-of-linux-arm64-debug-disassemble-and-reverse
"Operating Systems: Virtualization, Concurrency & Persistence",https://www.educative.io/courses/operating-systems-virtualization-concurrency-persistence
A Quick Primer on Garbage Collection Algorithms,https://www.educative.io/courses/a-quick-primer-on-garbage-collection-algorithms
Learn to Use HPC Systems and Supercomputers,https://www.educative.io/courses/learn-to-use-hpc-systems-and-supercomputers
Accelerated Linux Core Dump Analysis,https://www.educative.io/courses/accelerated-linux-core-dump-analysis
Building Debian Packages from the Ground Up,https://www.educative.io/courses/building-debian-packages-from-the-ground-up
Creating Alpine Linux Packages,https://www.educative.io/courses/creating-alpine-linux-packages
Grokking Computer Networking for Software Engineers,https://www.educative.io/courses/grokking-computer-networking
A Quick Guide for IP Subnetting,https://www.educative.io/courses/quick-guide-ip-subnetting
Fundamentals of Digital Signal Processing,https://www.educative.io/courses/fundamentals-of-digital-signal-processing
New Programmer's Survival Manual,https://www.educative.io/courses/new-programmer-survival-manual
Grokking Comp Negotiation in Tech,https://www.educative.io/courses/grokking-comp-negotiation
Grokking the Technical Writing Process,https://www.educative.io/courses/grokking-the-technical-writing-process
Become an Inspirational Manager: Bring Out the Best In Others,https://www.educative.io/courses/become-great-engineering-manger-bring-out-best-others
Become an Effective Software Engineering Manager,https://www.educative.io/courses/become-an-effective-engineering-manager
Build a Successful Developer Brand,https://www.educative.io/courses/build-a-developer-brand
Lean Product Management,https://www.educative.io/courses/lean-product-management
AI Project Management: Deploying and Maintaining AI for Business ,https://www.educative.io/courses/ai-project-management-deploying-maintaining-business
Grokking AI for Engineering & Product Managers,https://www.educative.io/courses/grokking-ai-for-engineering-product-managers
Effective Performance Management for Engineering Teams,https://www.educative.io/courses/effective-performance-management-for-engineering-teams
Technical Program Management: A Practitioner's Guide,https://www.educative.io/courses/technical-program-management-a-practitioners-guide
Product Management Essentials in Agile Environments,https://www.educative.io/courses/product-management-essentials-in-agile-environments
Mastering AI Product Management,https://www.educative.io/courses/mastering-ai-product-management
Grokking the Behavioral Interview,https://www.educative.io/courses/grokking-the-behavioral-interview
Ace the FAANG Program Manager Interview for Beginners,https://www.educative.io/courses/ace-faang-program-manager-interview-beginner
Hacking the TPM Interview,https://www.educative.io/courses/hacking-the-tpm-interview
Grokking the Engineering Management and Leadership Interviews,https://www.educative.io/courses/grokking-the-engineering-management-and-leadership-interviews
Acing the Engineering Manager Interview,https://www.educative.io/courses/acing-the-engineering-manager-interview
Ace the Product Analytics Job Interview,https://www.educative.io/courses/ace-the-product-analytics-job-interview
Mastering Leadership Interviews,https://www.educative.io/courses/mastering-leadership-interviews
Grokking Dynamic Programming Patterns for Coding Interviews,https://www.educative.io/courses/grokking-dynamic-programming-patterns-for-coding-interviews
JS Assessment: Assess your Javascript skills,https://www.educative.io/courses/assess-your-javascript-skills
The Algorithms and Data Structures Interview Crash Course,https://www.educative.io/courses/algorithms-ds-interview
Grokking the Principles and Practices of Advanced System Design,https://www.educative.io/courses/grokking-the-principles-and-practices-of-advanced-system-design
Mastering the Technical Project Manager’s Handbook,https://www.educative.io/courses/mastering-the-technical-project-managers-handbook
Create Your First Amazon RDS Database,https://www.educative.io/collection/page/10370001/6628221817978880/5488262805454848/cloudlab
Getting to Know AWS Lambda,https://www.educative.io/collection/page/10370001/5535324072312832/4585241688408064/cloudlab
A Walkthrough of AWS S3,https://www.educative.io/collection/page/10370001/6191255267835904/5735260099969024/cloudlab
Introduction to DynamoDB,https://www.educative.io/collection/page/10370001/5347024315875328/5903350743433216/cloudlab
Securing AWS Resources: Managing Access with IAM,https://www.educative.io/collection/page/10370001/5100221100195840/5026223462547456/cloudlab
Amazon EC2 : A Walkthrough,https://www.educative.io/collection/page/10370001/6057237876572160/5451665139040256/cloudlab
WebSockets-based Chat Application using API Gateway,https://www.educative.io/collection/page/10370001/6013481823502336/5430988946800640/cloudlab
Monitor EC2 with AWS CloudWatch,https://www.educative.io/collection/page/10370001/6185022683086848/4945917504651264/cloudlab
Developing RESTful Microservices with API Gateway and DynamoDB,https://www.educative.io/collection/page/10370001/5327096288378880/5948142219165696/cloudlab
Detect Text in an Image with Amazon Rekognition,https://www.educative.io/collection/page/10370001/5367851268177920/4986639500443648/cloudlab
Configuring a Static Website with S3 and CloudFront,https://www.educative.io/collection/page/10370001/4886903227940864/5034749088497664/cloudlab
Process Amazon SNS Notifications with AWS Lambda,https://www.educative.io/collection/page/10370001/4838834625052672/6747437813989376/cloudlab
Virtual Private Cloud (VPC) in AWS,https://www.educative.io/collection/page/10370001/4580515144007680/6206217524609024/cloudlab
Understanding Auto Scaling Group (ASG) in AWS,https://www.educative.io/collection/page/10370001/5986327882629120/4517474518433792/cloudlab
A Beginner’s Guide to AWS CloudFormation,https://www.educative.io/collection/page/10370001/5410155756519424/5965548646301696/cloudlab
Working with Amazon SQS: A Walkthrough,https://www.educative.io/collection/page/10370001/6589884604350464/5606585866125312/cloudlab
Text extraction and NLP using Textract and Comprehend,https://www.educative.io/collection/page/10370001/5373410902016000/4943421123592192/cloudlab
Working with EC2 Auto Scaling Group (ASG) behind an Elastic Load Balancer (ELB),https://www.educative.io/collection/page/10370001/6724412594978816/5304246743597056/cloudlab
Get to Know Amazon CloudWatch,https://www.educative.io/collection/page/10370001/6199163510587392/5958167813685248/cloudlab
Getting Started with Amazon Redshift,https://www.educative.io/collection/page/10370001/4752686122270720/5745459222806528/cloudlab
Create and Mount Elastic File System (EFS),https://www.educative.io/collection/page/10370001/5601729549959168/5549430003204096/cloudlab
Process Amazon S3 Events With AWS Lambda,https://www.educative.io/collection/page/10370001/4823974122094592/4678688699580416/cloudlab
Building a CI/CD Pipeline with AWS,https://www.educative.io/collection/page/10370001/4619863233658880/5996310527475712/cloudlab
Getting Started with Amazon Aurora Database Engine,https://www.educative.io/collection/page/10370001/5245383679934464/4704079891922944/cloudlab
Document Processing Pipeline Using AWS Services,https://www.educative.io/collection/page/10370001/5542314432004096/6622697030418432/cloudlab
Getting Started with Amazon Athena,https://www.educative.io/collection/page/10370001/6630323149078528/6214287382282240/cloudlab
Getting Started with Amazon Kinesis,https://www.educative.io/collection/page/10370001/6485887138660352/5866884775018496/cloudlab
Deploying a Web Application using Elastic Beanstalk,https://www.educative.io/collection/page/10370001/4525026060795904/6302875647737856/cloudlab
Getting Started with AWS Step Functions,https://www.educative.io/collection/page/10370001/4589876711522304/6032002175467520/cloudlab
Managing Instance Volumes Using EBS,https://www.educative.io/collection/page/10370001/4618838700982272/5256267680710656/cloudlab
Deploy Elastic Container Registry Image using Elastic Beanstalk,https://www.educative.io/collection/page/10370001/6049582979743744/4762766527954944/cloudlab
Protecting Amazon API Gateway REST API using AWS WAF,https://www.educative.io/collection/page/10370001/5408451084419072/5912269752631296/cloudlab
AWS CloudFormation: Working with Nested Stacks and Signal Script,https://www.educative.io/collection/page/10370001/4968288610942976/6094188517785600/cloudlab
Securing APIs and Creating Usage Plans on AWS API Gateway,https://www.educative.io/collection/page/10370001/5814997473820672/6461369030017024/cloudlab
Getting started with Amazon Managed Streaming for Apache Kafka,https://www.educative.io/collection/page/10370001/5972359671185408/6574131230015488/cloudlab
Build Private APIs using API Gateway,https://www.educative.io/collection/page/10370001/4638899933282304/6383293568909312/cloudlab
Create an AWS EKS Cluster and Deploy an Application,https://www.educative.io/collection/page/10370001/5268241073831936/5306562667872256/cloudlab
Getting started with AWS Config,https://www.educative.io/collection/page/10370001/5793534270242816/5036928704184320/cloudlab
Build Educative Chatbot with Conversational AI using AWS Lex (Intermediate),https://www.educative.io/collection/page/10370001/6744845660717056/5242129998413824/cloudlab
Build Educative Chatbot with Conversational AI using AWS Lex (Beginner),https://www.educative.io/collection/page/10370001/6346925270630400/6559257699549184/cloudlab
Understanding AWS IoT Core with Lambda,https://www.educative.io/collection/page/10370001/4700560127950848/6640419721707520/cloudlab
Getting Started with Amazon ECS,https://www.educative.io/collection/page/10370001/6353463370579968/4921259851513856/cloudlab
Analyzing and Debugging Microservice-based Applications using AWS X-Ray,https://www.educative.io/collection/page/10370001/6015843522314240/4828356133257216/cloudlab
Manage Users with Amazon Cognito,https://www.educative.io/collection/page/10370001/6388149350301696/6052295163510784/cloudlab
Identity Verification using Amazon Rekognition,https://www.educative.io/collection/page/10370001/6039178314514432/5983502150139904/cloudlab
Getting Started with AWS EMR,https://www.educative.io/collection/10370001/6206838060875776
Getting Started with DynamoDB Accelerator (DAX),https://www.educative.io/collection/page/10370001/6000231924367360/4661715084771328/cloudlab
Creating Machine Learning Model using Amazon SageMaker,https://www.educative.io/collection/10370001/4894099281543168
Managing Aurora DB Credentials and API Keys using Secrets Manager,https://www.educative.io/collection/page/10370001/5387192933023744/6209254052331520/cloudlab
Creating a Lambda Function with Container based Runtime,https://www.educative.io/collection/page/10370001/4635224431132672/4558533864194048/cloudlab
Getting Started with AWS Systems Manager Parameter Store,https://www.educative.io/collection/page/10370001/6082788418387968/5213750314139648/cloudlab
Amazon Redshift Federated Query with RDS MySQL,https://www.educative.io/collection/page/10370001/5946423386046464/5059884690964480/cloudlab
"Mastering AWS Config: Custom Rules, Remediation Actions and Conformance Packs",https://www.educative.io/collection/page/10370001/6659395944185856/5751950019395584/cloudlab
Create a Data Lake with Lake Formation & Analyze it with Athena,https://www.educative.io/collection/page/10370001/5842624148406272/5779150143750144/cloudlab
On the Use of Database Migration Service From Aurora MySQL to S3,https://www.educative.io/collection/page/10370001/6652173993377792/6574411838390272/cloudlab
Speech Synthesis Using Amazon Polly,https://www.educative.io/collection/page/10370001/4672734296276992/5892789080162304/cloudlab
Athena Federated Query with Amazon RDS,https://www.educative.io/collection/page/10370001/6123329033076736/4545760708001792/cloudlab
Getting Started with AWS Key Management Service (KMS),https://www.educative.io/collection/page/10370001/6684936687583232/5393277123297280/cloudlab
Getting started with App Runner,https://www.educative.io/collection/page/10370001/4999081841393664/5118211030515712/cloudlab
Introduction to Amazon DocumentDB,https://www.educative.io/collection/page/10370001/6192365540474880/4648960721158144/cloudlab
Creating Image Pipeline with EC2 Image Builder,https://www.educative.io/collection/page/10370001/6739793217847296/4632981232418816/cloudlab
"Building Fan-Out Serverless Architecture using SNS, SQS, and Lambda",https://www.educative.io/collection/10370001/4881920481296384
Finding Vulnerabilities on EC2 instances using Amazon Inspector,https://www.educative.io/collection/page/10370001/5145422265581568/6157213246423040/cloudlab
Amazon RDS Proxy,https://www.educative.io/collection/page/10370001/5490342453051392/4747083699191808/cloudlab
AWS Getting Started with AWS Glue DataBrew,https://www.educative.io/collection/page/10370001/5043561852305408/5927603468500992/cloudlab
Mastering Amazon EC2 Dynamic Scaling Policies,https://www.educative.io/collection/page/10370001/5709218145107968/5579081776889856/cloudlab
Persisting sessions using AWS ElastiCache,https://www.educative.io/collection/page/10370001/5705281844281344/5146502371213312/cloudlab
Mastering AWS AppSync Lambda Resolvers,https://www.educative.io/collection/page/10370001/5127815755988992/6394802083725312/cloudlab
Using AWS Identity and Access Management Access Analyzer,https://www.educative.io/collection/page/10370001/6047958799482880/5213388661325824/cloudlab
Amazon Inspector for Lambda workloads,https://www.educative.io/collection/page/10370001/6110198378528768/5455572616609792/cloudlab
Deploy an End-to-end Web Application Using the AWS Amplify CLI,https://www.educative.io/collection/page/10370001/4965535034638336/4671771686731776/cloudlab
Understanding AWS Compute Services - From Zero to Hero,https://www.educative.io/collection/page/10370001/5710859869093888/4621808902602752/cloudlab
Managing data access with Amazon S3 access points,https://www.educative.io/collection/page/10370001/4505071784820736/6276736525008896/cloudlab
Discovering Cloud Resources Using AWS Cloud Map,https://www.educative.io/collection/page/10370001/5514421948121088/5125262544732160/cloudlab
Encrypting S3 and EBS  Volumes Using Key Management Service,https://www.educative.io/collection/10370001/6438998517743616
Monitor industrial processes using AWS IoT Core,https://www.educative.io/collection/page/10370001/6156305154441216/6388856198529024/cloudlab
Getting started with Amazon Fraud Detector,https://www.educative.io/collection/10370001/5747985293770752
Getting Started with AWS AppSync,https://www.educative.io/collection/page/10370001/6268472860082176/6482807683284992/cloudlab
Migrating MongoDB Collections to Amazon DocumentDB Using DMS,https://www.educative.io/collection/page/10370001/4842479711027200/6453466000130048/cloudlab
Introduction to Amazon Neptune,https://www.educative.io/collection/page/10370001/5392033887551488/4891199684739072/cloudlab
Mastering AWS Services Integration with API Gateway,https://www.educative.io/collection/page/10370001/6556849782521856/5410829480624128/cloudlab
Understanding Cloud Computing essentials - From Zero to Hero,https://www.educative.io/collection/page/10370001/5268108272730112/4811749167202304/cloudlab
Understanding Networking Services in AWS  - From Zero to Hero,https://www.educative.io/collection/page/10370001/5140370526306304/5448646853918720/cloudlab
Accessing AWS Services Over AWS PrivateLink Using VPC Endpoints,https://www.educative.io/collection/page/10370001/4557752546099200/4835326048337920/cloudlab
Understanding AWS Storage Options - From Zero to Hero,https://www.educative.io/collection/page/10370001/6460712471494656/6063087693856768/cloudlab
Mastering Serverless on AWS - From Zero to Hero,https://www.educative.io/collection/10370001/4941097603956736
Improving Database Performance with Amazon ElastiCache for Redis,https://www.educative.io/collection/page/10370001/5220575487983616/6189850755334144/cloudlab
Managing Permissions boundaries for IAM Entities,https://www.educative.io/collection/page/10370001/5419893845131264/6398168788631552/cloudlab
Implementing Attribute-based access control (ABAC) using Tags,https://www.educative.io/collection/page/10370001/5178457501466624/6177557491482624/cloudlab
Ingesting data into AWS Timestream with AWS IoT Core,https://www.educative.io/collection/page/10370001/5834822150520832/6301286083067904/cloudlab
Understanding AWS Security and Management -From Zero to Hero,https://www.educative.io/collection/page/10370001/5894885286346752/5120794203783168/cloudlab
Managing CloudFormation Stack Updates Using Change Sets and Stack Policies,https://www.educative.io/collection/10370001/5769328850632704
Building and Deploying Serverless Applications with AWS SAM,https://www.educative.io/collection/page/10370001/5855067307245568/6577102580875264/cloudlab
Building ETL Pipelines on AWS,https://www.educative.io/collection/page/10370001/5341007570534400/6242827205607424/cloudlab
Mastering AWS Lambda Layers,https://www.educative.io/collection/page/10370001/4504178038800384/6305148456534016/cloudlab
Mastering Application Integration Services on AWS - From Zero to Hero,https://www.educative.io/collection/page/10370001/5152402487508992/4996981210611712/cloudlab
Managing Application Traffic Using Elastic Load Balancers,https://www.educative.io/collection/page/10370001/5637260389253120/4909536859258880/cloudlab
Getting started with Amazon Lightsail,https://www.educative.io/collection/page/10370001/5834862120534016/6227174617120768/cloudlab
Mastering AWS Deployment Services - From Zero to Hero,https://www.educative.io/collection/page/10370001/5206284731285504/6449424981164032/cloudlab
Building Resilient Applications Using Multi-AZ RDS and ALB,https://www.educative.io/collection/page/10370001/6320692178059264/5505948793831424/cloudlab
Getting Started with Amazon FSx for Windows File Server,https://www.educative.io/collection/page/10370001/4864051544981504/5278914490531840/cloudlab
Getting Started with Amazon EventBridge,https://www.educative.io/collection/page/10370001/6058276882087936/5122168342052864/cloudlab
Getting Started with Amazon Keyspaces,https://www.educative.io/collection/page/10370001/5832099567370240/6103722686021632/cloudlab
Achieving Ultra-Fast Performance Using Amazon MemoryDB for Redis,https://www.educative.io/collection/page/10370001/5967424637763584/5059769316540416/cloudlab
Controlling VPC Traffic Using Network ACLs,https://www.educative.io/collection/page/10370001/4526028401803264/6698166646865920/cloudlab
Dynamically Process SQS Messages Using Step Functions,https://www.educative.io/collection/page/10370001/6497404859842560/6191539837599744/cloudlab
Mastering AWS CloudFormation Helper Scripts,https://www.educative.io/collection/page/10370001/6290855031472128/5511317997486080/cloudlab
Decoupling Serverless Applications with Amazon EventBridge,https://www.educative.io/collection/page/10370001/5507825220583424/5243354254278656/cloudlab
Managing Peer Connections between Amazon Virtual Private Clouds,https://www.educative.io/collection/page/10370001/6398255581757440/4917369338200064/cloudlab
Getting Started with Amazon VPC Reachability Analyzer,https://www.educative.io/collection/page/10370001/6632409288278016/4752851349929984/cloudlab
Getting Started with AWS Serverless Application Repository,https://www.educative.io/collection/page/10370001/6518293561212928/5868893969186816/cloudlab
Getting started with AWS Step Functions,https://www.educative.io/collection/page/10370001/4725107394215936/5016098693054464/cloudlab
Tracing Step-Functions Errors using AWS X-Ray,https://www.educative.io/collection/page/10370001/4891216579788800/4907268885839872/cloudlab
Understanding Machine Learning Services on AWS - From Zero to Hero,https://www.educative.io/collection/page/10370001/5648069798526976/4786141433823232/cloudlab
How to keep Amazon SNS notifications private for your web application,https://www.educative.io/collection/page/10370001/6311653268389888/4662006552592384/cloudlab
Getting started with Amazon Transcribe,https://www.educative.io/collection/page/10370001/5973052739420160/6288908476350464/cloudlab
Exploring QLDB Data Management Using Lambda & API Gateway,https://www.educative.io/collection/page/10370001/5310627358834688/5767911788642304/cloudlab
Use Amazon QLDB as an immutable key-value store with a REST API and JSON,https://www.educative.io/collection/page/10370001/5265012616724480/6316683643977728/cloudlab
"Batch-transcoding videos with S3 Batch Operations, AWS Lambda, and AWS Elemental MediaConvert",https://www.educative.io/collection/page/10370001/5607643511128064/5061066992254976/cloudlab
Migrate an internet-scale online transactional system to Amazon DynamoDB using AWS DMS,https://www.educative.io/collection/page/10370001/5899686317785088/4514021772492800/cloudlab
Migrate data from partitioned tables in PostgreSQL using AWS DMS (RedShift),https://www.educative.io/collection/page/10370001/6167752112996352/6098825135652864/cloudlab
Monitoring IP traffic using VPC Flow Logs,https://www.educative.io/collection/page/10370001/5897402924007424/5923322011451392/cloudlab
Setting up Session Policies for Assuming Roles,https://www.educative.io/collection/10370001/6014254325039104
Automate Machine Learning Workfows with AWS SageMaker Studio,https://www.educative.io/collection/page/10370001/5072589328351232/5913009755127808/cloudlab
Troubleshooting CloudFormation Templates,https://www.educative.io/collection/page/10370001/5778339862282240/5955658660839424/cloudlab
Securing Lambda Functions using Code Signing,https://www.educative.io/collection/page/10370001/6538898310299648/5724512918306816/cloudlab
Managing Real-time Data with AWS AppSync Subscriptions,https://www.educative.io/collection/page/10370001/5482845338468352/4746870077390848/cloudlab
Creating an Amazon ECS Service Using a Blue/Green Deployment,https://www.educative.io/collection/page/10370001/6215574514434048/5877704696135680/cloudlab
Provisioning Infrastructure as Code - From Zero to Hero,https://www.educative.io/collection/page/10370001/5072589328351232/5913009755127808/cloudlab
Managing Application Configurations with AWS AppConfig,https://www.educative.io/collection/page/10370001/5061867674402816/5145486124253184/cloudlab
Monitoring Network Traffic Using Amazon VPC Traffic Mirroring,https://www.educative.io/collection/page/10370001/5487980947046400/6203709564518400/cloudlab
Building regionally resilient applications,https://www.educative.io/collection/page/10370001/6111719145472000/6714131862388736/cloudlab
Visually Design AWS Architectures Using Application Composer,https://www.educative.io/collection/page/10370001/5611320292540416/6564075303731200/cloudlab
Unguided Cloud Lab: Build a CRUD API,https://www.educative.io/collection/page/10370001/5676716300828672/5426208919126016/cloudlab
Curbing Costs Using AWS Instance Scheduler,https://www.educative.io/collection/page/10370001/4931505367416832/6379945909682176/cloudlab
Provisioning AWS Resources using Terraform,https://www.educative.io/collection/page/10370001/6215856526852096/6654462680760320/cloudlab
Improving Your Security Posture Using AWS Security Hub,https://www.educative.io/collection/page/10370001/6114829037338624/4694099422740480/cloudlab
Training an ML model in parallel using AWS Batch,https://www.educative.io/collection/page/10370001/6602683320500224/4879727997353984/cloudlab
Getting Started with AWS Batch,https://www.educative.io/collection/page/10370001/4920107063181312/6687237014159360/cloudlab
Understanding AWS Management and Governance Services - From Zero to Hero,https://www.educative.io/collection/page/10370001/6632140494209024/4664341869756416/cloudlab
Orchestrating Lambda Functions with Step Functions Application Patterns,https://www.educative.io/collection/page/10370001/4951277494730752/4700553007464448/cloudlab
